image,src,box_idx,class,area_frac,iou_or_conf,flag
---2022-06-05---2-38-56_png.rf.4f522c138dd37f9d951c8abbf5d181ff.jpg,gt,0,WV,0.37723,0.947,edge
---2022-06-05---2-38-56_png.rf.4f522c138dd37f9d951c8abbf5d181ff.jpg,gt,1,WV,0.32417,0.868,edge
---2022-06-05---2-38-56_png.rf.b21f7452765a4b0858a7c66c0de86427.jpg,gt,0,WV,0.37723,0.915,edge
---2022-06-05---2-38-56_png.rf.b21f7452765a4b0858a7c66c0de86427.jpg,gt,1,WV,0.32417,0.869,edge
---2022-06-05---2-38-56_png.rf.ca4e3d63bdcca0aaa05ee612daec068a.jpg,gt,0,WV,0.37723,0.928,edge
---2022-06-05---2-38-56_png.rf.ca4e3d63bdcca0aaa05ee612daec068a.jpg,gt,1,WV,0.32417,0.812,edge
image_from_china-1-_jpg.rf.7d518e8841e4b526390f8cf07bedb678.jpg,gt,0,WH,0.0006,0.0,tiny
image_from_china-1-_jpg.rf.7d518e8841e4b526390f8cf07bedb678.jpg,gt,0,WH,0.0006,0.0,no_model_support
image_from_china-1-_jpg.rf.7d518e8841e4b526390f8cf07bedb678.jpg,gt,1,WH,0.00085,0.0,tiny
image_from_china-1-_jpg.rf.7d518e8841e4b526390f8cf07bedb678.jpg,gt,1,WH,0.00085,0.0,no_model_support
image_from_china-1-_jpg.rf.7d518e8841e4b526390f8cf07bedb678.jpg,gt,2,W,0.00646,0.716,aspect
image_from_china-1-_jpg.rf.7d518e8841e4b526390f8cf07bedb678.jpg,gt,2,W,0.00646,0.716,"class_disagree(gt=W,pred=WH)"
image_from_china-1-_jpg.rf.7d518e8841e4b526390f8cf07bedb678.jpg,pred,-1,WH,,0.705,unlabeled_pred
image_from_china-1-_jpg.rf.9ad76056fd11758b52bd4430123b9900.jpg,gt,0,WH,0.0006,0.583,tiny
image_from_china-1-_jpg.rf.9ad76056fd11758b52bd4430123b9900.jpg,gt,1,WH,0.00085,0.389,tiny
image_from_china-1-_jpg.rf.9ad76056fd11758b52bd4430123b9900.jpg,gt,2,W,0.00646,0.652,aspect
image_from_china-1-_jpg.rf.9ad76056fd11758b52bd4430123b9900.jpg,gt,2,W,0.00646,0.652,"class_disagree(gt=W,pred=WH)"
image_from_china-1-_jpg.rf.f2581618b578bed8c52e90eb88e742c8.jpg,gt,0,WH,0.0006,0.0,tiny
image_from_china-1-_jpg.rf.f2581618b578bed8c52e90eb88e742c8.jpg,gt,0,WH,0.0006,0.0,no_model_support
image_from_china-1-_jpg.rf.f2581618b578bed8c52e90eb88e742c8.jpg,gt,1,WH,0.00085,0.0,tiny
image_from_china-1-_jpg.rf.f2581618b578bed8c52e90eb88e742c8.jpg,gt,1,WH,0.00085,0.0,no_model_support
image_from_china-1-_jpg.rf.f2581618b578bed8c52e90eb88e742c8.jpg,gt,2,W,0.00646,0.695,aspect
image_from_china-1007-_jpg.rf.6ab635a098794d318c2c539bcb9012df.jpg,gt,0,WH,0.04133,0.727,edge
image_from_china-1007-_jpg.rf.6ab635a098794d318c2c539bcb9012df.jpg,gt,2,WH,0.1105,0.74,edge
image_from_china-1007-_jpg.rf.e7eccc636bcd1cab0bd91221d9e38d9a.jpg,gt,0,WH,0.04133,0.707,edge
image_from_china-1007-_jpg.rf.e7eccc636bcd1cab0bd91221d9e38d9a.jpg,gt,2,WH,0.1105,0.754,edge
image_from_china-1007-_jpg.rf.f42d85953e5c9bbb59b95d4155830a3a.jpg,gt,0,WH,0.04133,0.731,edge
image_from_china-1007-_jpg.rf.f42d85953e5c9bbb59b95d4155830a3a.jpg,gt,2,WH,0.1105,0.588,edge
image_from_china-1016-_jpg.rf.ec86f1f8e8eae6d72bc06f9f92e0e363.jpg,gt,0,WH,0.00018,0.0,tiny
image_from_china-1016-_jpg.rf.ec86f1f8e8eae6d72bc06f9f92e0e363.jpg,gt,0,WH,0.00018,0.0,no_model_support
image_from_china-1016-_jpg.rf.ec86f1f8e8eae6d72bc06f9f92e0e363.jpg,gt,1,WH,0.00015,0.0,tiny
image_from_china-1016-_jpg.rf.ec86f1f8e8eae6d72bc06f9f92e0e363.jpg,gt,1,WH,0.00015,0.0,aspect
image_from_china-1016-_jpg.rf.ec86f1f8e8eae6d72bc06f9f92e0e363.jpg,gt,1,WH,0.00015,0.0,no_model_support
image_from_china-1016-_jpg.rf.ec86f1f8e8eae6d72bc06f9f92e0e363.jpg,gt,2,WH,0.00075,0.0,tiny
image_from_china-1016-_jpg.rf.ec86f1f8e8eae6d72bc06f9f92e0e363.jpg,gt,2,WH,0.00075,0.0,no_model_support
image_from_china-1016-_jpg.rf.ec86f1f8e8eae6d72bc06f9f92e0e363.jpg,gt,3,WH,0.00042,0.0,tiny
image_from_china-1016-_jpg.rf.ec86f1f8e8eae6d72bc06f9f92e0e363.jpg,gt,3,WH,0.00042,0.0,no_model_support
image_from_china-1016-_jpg.rf.ec86f1f8e8eae6d72bc06f9f92e0e363.jpg,gt,4,WH,0.0002,0.0,tiny
image_from_china-1016-_jpg.rf.ec86f1f8e8eae6d72bc06f9f92e0e363.jpg,gt,4,WH,0.0002,0.0,aspect
image_from_china-1016-_jpg.rf.ec86f1f8e8eae6d72bc06f9f92e0e363.jpg,gt,4,WH,0.0002,0.0,no_model_support
image_from_china-1016-_jpg.rf.ec86f1f8e8eae6d72bc06f9f92e0e363.jpg,gt,5,WH,0.00039,0.0,tiny
image_from_china-1016-_jpg.rf.ec86f1f8e8eae6d72bc06f9f92e0e363.jpg,gt,5,WH,0.00039,0.0,no_model_support
image_from_china-1016-_jpg.rf.ec86f1f8e8eae6d72bc06f9f92e0e363.jpg,gt,6,WH,0.0003,0.0,tiny
image_from_china-1016-_jpg.rf.ec86f1f8e8eae6d72bc06f9f92e0e363.jpg,gt,6,WH,0.0003,0.0,no_model_support
image_from_china-1016-_jpg.rf.ec86f1f8e8eae6d72bc06f9f92e0e363.jpg,gt,7,WH,0.00124,0.624,tiny
image_from_china-1016-_jpg.rf.ec86f1f8e8eae6d72bc06f9f92e0e363.jpg,gt,8,WH,0.00206,0.726,tiny
image_from_china-1016-_jpg.rf.ec86f1f8e8eae6d72bc06f9f92e0e363.jpg,gt,9,WH,0.00224,0.635,tiny
image_from_china-1016-_jpg.rf.ec86f1f8e8eae6d72bc06f9f92e0e363.jpg,gt,13,WH,0.01239,0.711,edge
image_from_china-1076-_jpg.rf.3b843e6b1faeba9c93a8626160a66dc2.jpg,gt,0,W,0.21559,0.706,edge
image_from_china-1076-_jpg.rf.3b843e6b1faeba9c93a8626160a66dc2.jpg,gt,1,W,0.24676,0.924,edge
image_from_china-1076-_jpg.rf.3b843e6b1faeba9c93a8626160a66dc2.jpg,gt,2,W,0.17986,0.958,edge
image_from_china-1076-_jpg.rf.3b843e6b1faeba9c93a8626160a66dc2.jpg,gt,2,W,0.17986,0.958,"class_disagree(gt=W,pred=WH)"
image_from_china-1076-_jpg.rf.6ab26a0c4e1c514d7050eae707ae6d0f.jpg,gt,0,W,0.21559,0.838,edge
image_from_china-1076-_jpg.rf.6ab26a0c4e1c514d7050eae707ae6d0f.jpg,gt,1,W,0.24676,0.615,edge
image_from_china-1076-_jpg.rf.6ab26a0c4e1c514d7050eae707ae6d0f.jpg,gt,2,W,0.17986,0.921,edge
image_from_china-1076-_jpg.rf.fda841778bf2e736aab5453fdbdfd162.jpg,gt,0,W,0.21559,0.867,edge
image_from_china-1076-_jpg.rf.fda841778bf2e736aab5453fdbdfd162.jpg,gt,1,W,0.24676,0.86,edge
image_from_china-1076-_jpg.rf.fda841778bf2e736aab5453fdbdfd162.jpg,gt,2,W,0.17986,0.584,edge
image_from_china-1109-_jpg.rf.75db4aa4974df6a6a6fd2d3b8c7108ba.jpg,gt,1,WH,0.00154,0.749,tiny
image_from_china-1109-_jpg.rf.75db4aa4974df6a6a6fd2d3b8c7108ba.jpg,gt,2,W,0.00085,0.005,tiny
image_from_china-1109-_jpg.rf.75db4aa4974df6a6a6fd2d3b8c7108ba.jpg,gt,2,W,0.00085,0.005,no_model_support
image_from_china-1109-_jpg.rf.75db4aa4974df6a6a6fd2d3b8c7108ba.jpg,gt,3,WH,0.0015,0.0,tiny
image_from_china-1109-_jpg.rf.75db4aa4974df6a6a6fd2d3b8c7108ba.jpg,gt,3,WH,0.0015,0.0,no_model_support
image_from_china-1109-_jpg.rf.75db4aa4974df6a6a6fd2d3b8c7108ba.jpg,gt,4,W,0.00065,0.726,tiny
image_from_china-1109-_jpg.rf.75db4aa4974df6a6a6fd2d3b8c7108ba.jpg,gt,4,W,0.00065,0.726,"class_disagree(gt=W,pred=WH)"
image_from_china-1109-_jpg.rf.75db4aa4974df6a6a6fd2d3b8c7108ba.jpg,gt,5,W,0.00076,0.004,tiny
image_from_china-1109-_jpg.rf.75db4aa4974df6a6a6fd2d3b8c7108ba.jpg,gt,5,W,0.00076,0.004,no_model_support
image_from_china-1183-_jpg.rf.8df39749e1f9e93b6d99bb8874e6707d.jpg,gt,0,WH,0.02709,0.0,no_model_support
image_from_china-1183-_jpg.rf.8df39749e1f9e93b6d99bb8874e6707d.jpg,gt,1,WH,0.0197,0.0,no_model_support
image_from_china-1183-_jpg.rf.d272be84d5bef711cfa977d9cdac57fd.jpg,gt,0,WH,0.02709,0.0,no_model_support
image_from_china-1183-_jpg.rf.d272be84d5bef711cfa977d9cdac57fd.jpg,gt,1,WH,0.0197,0.0,no_model_support
image_from_china-1183-_jpg.rf.d602f28a08a1d3fffb02052435fbe8dd.jpg,gt,1,WH,0.0197,0.0,no_model_support
image_from_china-1250-_jpg.rf.001d179e68f2e06f018a069f3ebeb0dc.jpg,gt,0,W,0.00746,0.403,aspect
image_from_china-1250-_jpg.rf.001d179e68f2e06f018a069f3ebeb0dc.jpg,gt,2,W,0.00151,0.573,tiny
image_from_china-1250-_jpg.rf.001d179e68f2e06f018a069f3ebeb0dc.jpg,gt,2,W,0.00151,0.573,"class_disagree(gt=W,pred=WH)"
image_from_china-1250-_jpg.rf.001d179e68f2e06f018a069f3ebeb0dc.jpg,gt,3,W,0.00339,0.517,"class_disagree(gt=W,pred=WH)"
image_from_china-1250-_jpg.rf.a1f760127f68fcf32fd18abc95711be7.jpg,gt,0,W,0.00746,0.401,aspect
image_from_china-1250-_jpg.rf.a1f760127f68fcf32fd18abc95711be7.jpg,gt,2,W,0.00151,0.607,tiny
image_from_china-1250-_jpg.rf.a1f760127f68fcf32fd18abc95711be7.jpg,gt,2,W,0.00151,0.607,"class_disagree(gt=W,pred=WH)"
image_from_china-1250-_jpg.rf.d5cfa0a641f1b45ceed76266b702631b.jpg,gt,0,W,0.00746,0.595,aspect
image_from_china-1250-_jpg.rf.d5cfa0a641f1b45ceed76266b702631b.jpg,gt,2,W,0.00151,0.104,tiny
image_from_china-1250-_jpg.rf.d5cfa0a641f1b45ceed76266b702631b.jpg,gt,2,W,0.00151,0.104,no_model_support
image_from_china-1250-_jpg.rf.d5cfa0a641f1b45ceed76266b702631b.jpg,pred,-1,WH,,0.721,unlabeled_pred
image_from_china-1299-_jpg.rf.1d620ca972808a963060e840b24664f1.jpg,gt,0,W,0.13015,0.786,edge
image_from_china-1299-_jpg.rf.1d620ca972808a963060e840b24664f1.jpg,gt,1,W,0.16902,0.635,edge
image_from_china-1299-_jpg.rf.3dfdd69ca660518fc14e42b84bd39c0c.jpg,gt,0,W,0.12965,0.81,edge
image_from_china-1299-_jpg.rf.3dfdd69ca660518fc14e42b84bd39c0c.jpg,gt,1,W,0.16902,0.0,edge
image_from_china-1299-_jpg.rf.3dfdd69ca660518fc14e42b84bd39c0c.jpg,gt,1,W,0.16902,0.0,no_model_support
image_from_china-1299-_jpg.rf.ee2586e14c9acb5b449161afad4416a3.jpg,gt,0,W,0.12965,0.733,edge
image_from_china-1299-_jpg.rf.ee2586e14c9acb5b449161afad4416a3.jpg,gt,1,W,0.16902,0.0,edge
image_from_china-1299-_jpg.rf.ee2586e14c9acb5b449161afad4416a3.jpg,gt,1,W,0.16902,0.0,no_model_support
image_from_china-1336-_jpg.rf.399983984f9ae62a8ba724c700ad9294.jpg,gt,0,W,0.01684,0.669,"class_disagree(gt=W,pred=WH)"
image_from_china-1336-_jpg.rf.399983984f9ae62a8ba724c700ad9294.jpg,gt,1,W,0.00936,0.834,edge
image_from_china-1336-_jpg.rf.399983984f9ae62a8ba724c700ad9294.jpg,gt,1,W,0.00936,0.834,"class_disagree(gt=W,pred=WH)"
image_from_china-1336-_jpg.rf.b84218dace2a2b382a2fe3db5e6b2140.jpg,gt,0,W,0.01684,0.751,"class_disagree(gt=W,pred=WH)"
image_from_china-1336-_jpg.rf.b84218dace2a2b382a2fe3db5e6b2140.jpg,gt,1,W,0.00916,0.513,edge
image_from_china-1336-_jpg.rf.b84218dace2a2b382a2fe3db5e6b2140.jpg,gt,1,W,0.00916,0.513,"class_disagree(gt=W,pred=WH)"
image_from_china-1336-_jpg.rf.cfc638e87d60d0cc399817a221d556ef.jpg,gt,0,W,0.01684,0.768,"class_disagree(gt=W,pred=WH)"
image_from_china-1336-_jpg.rf.cfc638e87d60d0cc399817a221d556ef.jpg,gt,1,W,0.00916,0.695,edge
image_from_china-1379-_jpg.rf.569f77788744f9d7ceea10a9263ddfc0.jpg,gt,0,W,0.01084,0.691,aspect
image_from_china-1379-_jpg.rf.569f77788744f9d7ceea10a9263ddfc0.jpg,gt,1,W,0.00786,0.588,aspect
image_from_china-1379-_jpg.rf.569f77788744f9d7ceea10a9263ddfc0.jpg,gt,1,W,0.00786,0.588,"class_disagree(gt=W,pred=WH)"
image_from_china-1379-_jpg.rf.569f77788744f9d7ceea10a9263ddfc0.jpg,gt,2,W,0.01899,0.904,edge
image_from_china-1379-_jpg.rf.569f77788744f9d7ceea10a9263ddfc0.jpg,gt,2,W,0.01899,0.904,aspect
image_from_china-1379-_jpg.rf.569f77788744f9d7ceea10a9263ddfc0.jpg,gt,2,W,0.01899,0.904,"class_disagree(gt=W,pred=WH)"
image_from_china-1379-_jpg.rf.569f77788744f9d7ceea10a9263ddfc0.jpg,gt,3,W,0.02231,0.61,aspect
image_from_china-1379-_jpg.rf.569f77788744f9d7ceea10a9263ddfc0.jpg,gt,3,W,0.02231,0.61,"class_disagree(gt=W,pred=WH)"
image_from_china-1379-_jpg.rf.ebcc00d557d7d595a28c253af08d1ace.jpg,gt,0,W,0.01084,0.679,aspect
image_from_china-1379-_jpg.rf.ebcc00d557d7d595a28c253af08d1ace.jpg,gt,1,W,0.00786,0.588,aspect
image_from_china-1379-_jpg.rf.ebcc00d557d7d595a28c253af08d1ace.jpg,gt,1,W,0.00786,0.588,"class_disagree(gt=W,pred=WH)"
image_from_china-1379-_jpg.rf.ebcc00d557d7d595a28c253af08d1ace.jpg,gt,2,W,0.01899,0.927,edge
image_from_china-1379-_jpg.rf.ebcc00d557d7d595a28c253af08d1ace.jpg,gt,2,W,0.01899,0.927,aspect
image_from_china-1379-_jpg.rf.ebcc00d557d7d595a28c253af08d1ace.jpg,gt,2,W,0.01899,0.927,"class_disagree(gt=W,pred=WH)"
image_from_china-1379-_jpg.rf.ebcc00d557d7d595a28c253af08d1ace.jpg,gt,3,W,0.02231,0.591,aspect
image_from_china-1379-_jpg.rf.f34b1e4eaa552831e831bed833a747f8.jpg,gt,0,W,0.01084,0.693,aspect
image_from_china-1379-_jpg.rf.f34b1e4eaa552831e831bed833a747f8.jpg,gt,0,W,0.01084,0.693,"class_disagree(gt=W,pred=WH)"
image_from_china-1379-_jpg.rf.f34b1e4eaa552831e831bed833a747f8.jpg,gt,1,W,0.00786,0.504,aspect
image_from_china-1379-_jpg.rf.f34b1e4eaa552831e831bed833a747f8.jpg,gt,1,W,0.00786,0.504,"class_disagree(gt=W,pred=WH)"
image_from_china-1379-_jpg.rf.f34b1e4eaa552831e831bed833a747f8.jpg,gt,2,W,0.01899,0.699,edge
image_from_china-1379-_jpg.rf.f34b1e4eaa552831e831bed833a747f8.jpg,gt,2,W,0.01899,0.699,aspect
image_from_china-1379-_jpg.rf.f34b1e4eaa552831e831bed833a747f8.jpg,gt,2,W,0.01899,0.699,"class_disagree(gt=W,pred=WH)"
image_from_china-1379-_jpg.rf.f34b1e4eaa552831e831bed833a747f8.jpg,gt,3,W,0.02231,0.487,aspect
image_from_china-140-_jpg.rf.6cf88182904eb85beec7ac2caba1193a.jpg,gt,2,WH,0.00941,0.784,"class_disagree(gt=WH,pred=W)"
image_from_china-1400-_jpg.rf.16049af2a274d5a875212f7a97c651c1.jpg,gt,2,WH,0.29166,0.735,"class_disagree(gt=WH,pred=W)"
image_from_china-1400-_jpg.rf.7d7b7cfd6f8814a7d0542438019259b2.jpg,gt,2,WH,0.29166,0.754,"class_disagree(gt=WH,pred=W)"
image_from_china-1400-_jpg.rf.cfc5d662a92c76c2f0c5a309287fe316.jpg,gt,2,WH,0.29166,0.73,"class_disagree(gt=WH,pred=W)"
image_from_china-1401-_jpg.rf.091df3c7b4a966dc21e391e629daa396.jpg,gt,1,WH,0.2067,0.802,"class_disagree(gt=WH,pred=W)"
image_from_china-1401-_jpg.rf.36120ab067e597cadd74c923204efa2b.jpg,gt,1,WH,0.2067,0.793,"class_disagree(gt=WH,pred=W)"
image_from_china-1401-_jpg.rf.d003b52c072b24e73ad2e1981e844847.jpg,gt,1,WH,0.2067,0.883,"class_disagree(gt=WH,pred=W)"
image_from_china-1416-_jpg.rf.004c7df9672f1ce30acfbe7b01a92b8a.jpg,gt,1,W,0.00607,0.744,aspect
image_from_china-1416-_jpg.rf.004c7df9672f1ce30acfbe7b01a92b8a.jpg,gt,2,W,0.0082,0.624,aspect
image_from_china-1416-_jpg.rf.bb2b989360d1057f4b906c58352cd31f.jpg,gt,0,WH,0.00429,0.159,no_model_support
image_from_china-1416-_jpg.rf.bb2b989360d1057f4b906c58352cd31f.jpg,gt,1,W,0.00607,0.627,aspect
image_from_china-1416-_jpg.rf.bb2b989360d1057f4b906c58352cd31f.jpg,gt,1,W,0.00607,0.627,"class_disagree(gt=W,pred=WH)"
image_from_china-1416-_jpg.rf.bb2b989360d1057f4b906c58352cd31f.jpg,gt,2,W,0.0082,0.358,aspect
image_from_china-1416-_jpg.rf.bb2b989360d1057f4b906c58352cd31f.jpg,gt,3,W,0.01092,0.605,"class_disagree(gt=W,pred=WH)"
image_from_china-1416-_jpg.rf.c44e60db3e6f58ac633386ec365d7e27.jpg,gt,1,W,0.00607,0.716,aspect
image_from_china-1416-_jpg.rf.c44e60db3e6f58ac633386ec365d7e27.jpg,gt,2,W,0.0082,0.552,aspect
image_from_china-1417-_jpg.rf.a0479f447010e30c8c82cebc27dcc6bf.jpg,gt,2,W,0.0077,0.78,"class_disagree(gt=W,pred=WH)"
image_from_china-1417-_jpg.rf.a0479f447010e30c8c82cebc27dcc6bf.jpg,gt,3,W,0.01242,0.46,aspect
image_from_china-1417-_jpg.rf.e6b0b6d982fc84a2114f462906319803.jpg,gt,2,W,0.0077,0.777,"class_disagree(gt=W,pred=WH)"
image_from_china-1417-_jpg.rf.e6b0b6d982fc84a2114f462906319803.jpg,gt,3,W,0.01242,0.729,aspect
image_from_china-1417-_jpg.rf.f9858df3820e8878b72ab535892e6b3d.jpg,gt,2,W,0.0077,0.039,no_model_support
image_from_china-1417-_jpg.rf.f9858df3820e8878b72ab535892e6b3d.jpg,gt,3,W,0.01242,0.584,aspect
image_from_china-1417-_jpg.rf.f9858df3820e8878b72ab535892e6b3d.jpg,gt,3,W,0.01242,0.584,"class_disagree(gt=W,pred=WH)"
image_from_china-1418-_jpg.rf.57db22ed9dd92549654aa48a7575ab98.jpg,gt,0,WH,0.00325,0.77,"class_disagree(gt=WH,pred=W)"
image_from_china-1418-_jpg.rf.57db22ed9dd92549654aa48a7575ab98.jpg,gt,1,W,0.00774,0.46,aspect
image_from_china-1418-_jpg.rf.57db22ed9dd92549654aa48a7575ab98.jpg,gt,2,W,0.00817,0.0,no_model_support
image_from_china-1418-_jpg.rf.57db22ed9dd92549654aa48a7575ab98.jpg,gt,3,W,0.01053,0.608,aspect
image_from_china-1418-_jpg.rf.aba604e89f367ff0495a354cfbe72aa5.jpg,gt,0,WH,0.00325,0.631,"class_disagree(gt=WH,pred=W)"
image_from_china-1418-_jpg.rf.aba604e89f367ff0495a354cfbe72aa5.jpg,gt,1,W,0.00774,0.814,aspect
image_from_china-1418-_jpg.rf.aba604e89f367ff0495a354cfbe72aa5.jpg,gt,1,W,0.00774,0.814,"class_disagree(gt=W,pred=WH)"
image_from_china-1418-_jpg.rf.aba604e89f367ff0495a354cfbe72aa5.jpg,gt,3,W,0.01053,0.811,aspect
image_from_china-1418-_jpg.rf.bb1fc9b51c76844f93273d35b069c029.jpg,gt,0,WH,0.00325,0.153,no_model_support
image_from_china-1418-_jpg.rf.bb1fc9b51c76844f93273d35b069c029.jpg,gt,1,W,0.00774,0.338,aspect
image_from_china-1418-_jpg.rf.bb1fc9b51c76844f93273d35b069c029.jpg,gt,3,W,0.01053,0.482,aspect
image_from_china-1427-_jpg.rf.37735feccee3604efabf4f837a64c231.jpg,gt,0,W,0.04312,0.648,"class_disagree(gt=W,pred=WH)"
image_from_china-1427-_jpg.rf.37735feccee3604efabf4f837a64c231.jpg,gt,1,W,0.03568,0.632,"class_disagree(gt=W,pred=WH)"
image_from_china-1427-_jpg.rf.50be809050a51fa3be437fbf50c3b19c.jpg,gt,1,W,0.03568,0.733,"class_disagree(gt=W,pred=WH)"
image_from_china-1427-_jpg.rf.6a5ecf0fabf50e59cbd855b631c82032.jpg,gt,0,W,0.04312,0.59,"class_disagree(gt=W,pred=WH)"
image_from_china-1427-_jpg.rf.6a5ecf0fabf50e59cbd855b631c82032.jpg,gt,1,W,0.03568,0.706,"class_disagree(gt=W,pred=WH)"
image_from_china-1532-_jpg.rf.295e2e895dbcf995fa0d8fc52f794587.jpg,gt,0,W,0.02814,0.575,"class_disagree(gt=W,pred=WH)"
image_from_china-1532-_jpg.rf.295e2e895dbcf995fa0d8fc52f794587.jpg,gt,2,W,0.01723,0.628,"class_disagree(gt=W,pred=WH)"
image_from_china-1532-_jpg.rf.295e2e895dbcf995fa0d8fc52f794587.jpg,pred,-1,WH,,0.719,unlabeled_pred
image_from_china-1532-_jpg.rf.661b1e18b7bea5cac161ebd9ac407304.jpg,gt,0,W,0.02814,0.623,"class_disagree(gt=W,pred=WH)"
image_from_china-1532-_jpg.rf.661b1e18b7bea5cac161ebd9ac407304.jpg,gt,2,W,0.01723,0.552,"class_disagree(gt=W,pred=WH)"
image_from_china-1532-_jpg.rf.661b1e18b7bea5cac161ebd9ac407304.jpg,pred,-1,WH,,0.7,unlabeled_pred
image_from_china-1532-_jpg.rf.ca202589733e56f6930604ee292a2277.jpg,gt,0,W,0.02814,0.704,"class_disagree(gt=W,pred=WH)"
image_from_china-1570-_jpg.rf.31e5880e7b846f9a9b562995d90b3a00.jpg,gt,0,W,0.00653,0.034,no_model_support
image_from_china-1570-_jpg.rf.31e5880e7b846f9a9b562995d90b3a00.jpg,gt,1,W,0.01564,0.0,no_model_support
image_from_china-1570-_jpg.rf.31e5880e7b846f9a9b562995d90b3a00.jpg,gt,3,W,0.20168,0.813,edge
image_from_china-1570-_jpg.rf.31e5880e7b846f9a9b562995d90b3a00.jpg,gt,3,W,0.20168,0.813,aspect
image_from_china-1570-_jpg.rf.51d0844313f8c0073366013ab39be658.jpg,gt,0,W,0.00653,0.028,no_model_support
image_from_china-1570-_jpg.rf.51d0844313f8c0073366013ab39be658.jpg,gt,2,WH,0.15417,0.803,"class_disagree(gt=WH,pred=W)"
image_from_china-1570-_jpg.rf.51d0844313f8c0073366013ab39be658.jpg,gt,3,W,0.19904,0.761,edge
image_from_china-1570-_jpg.rf.51d0844313f8c0073366013ab39be658.jpg,gt,3,W,0.19904,0.761,aspect
image_from_china-1570-_jpg.rf.51d0844313f8c0073366013ab39be658.jpg,gt,3,W,0.19904,0.761,"class_disagree(gt=W,pred=WH)"
image_from_china-1570-_jpg.rf.98d90c72d315f03d502f6d3a32b4c897.jpg,gt,0,W,0.00653,0.032,no_model_support
image_from_china-1570-_jpg.rf.98d90c72d315f03d502f6d3a32b4c897.jpg,gt,1,W,0.01564,0.0,no_model_support
image_from_china-1570-_jpg.rf.98d90c72d315f03d502f6d3a32b4c897.jpg,gt,3,W,0.20168,0.847,edge
image_from_china-1570-_jpg.rf.98d90c72d315f03d502f6d3a32b4c897.jpg,gt,3,W,0.20168,0.847,aspect
image_from_china-1682-_jpg.rf.18576bb240259b6e362f8fad7d62f998.jpg,gt,0,W,0.1709,0.699,edge
image_from_china-1682-_jpg.rf.18576bb240259b6e362f8fad7d62f998.jpg,gt,1,W,0.18688,0.679,edge
image_from_china-1682-_jpg.rf.18576bb240259b6e362f8fad7d62f998.jpg,gt,2,WH,0.21683,0.658,edge
image_from_china-1682-_jpg.rf.18576bb240259b6e362f8fad7d62f998.jpg,gt,2,WH,0.21683,0.658,"class_disagree(gt=WH,pred=W)"
image_from_china-1682-_jpg.rf.7df8f3d02d523281f4f7bd1193099c53.jpg,gt,0,W,0.17093,0.681,edge
image_from_china-1682-_jpg.rf.7df8f3d02d523281f4f7bd1193099c53.jpg,gt,1,W,0.18716,0.222,edge
image_from_china-1682-_jpg.rf.7df8f3d02d523281f4f7bd1193099c53.jpg,gt,2,WH,0.21683,0.85,edge
image_from_china-1682-_jpg.rf.d2b680269e0138a89d5a2a00eb2f27dc.jpg,gt,0,W,0.1709,0.684,edge
image_from_china-1682-_jpg.rf.d2b680269e0138a89d5a2a00eb2f27dc.jpg,gt,1,W,0.18566,0.119,edge
image_from_china-1682-_jpg.rf.d2b680269e0138a89d5a2a00eb2f27dc.jpg,gt,1,W,0.18566,0.119,no_model_support
image_from_china-1682-_jpg.rf.d2b680269e0138a89d5a2a00eb2f27dc.jpg,gt,2,WH,0.21683,0.801,edge
image_from_china-1682-_jpg.rf.d2b680269e0138a89d5a2a00eb2f27dc.jpg,gt,2,WH,0.21683,0.801,"class_disagree(gt=WH,pred=W)"
image_from_china-1723-_jpg.rf.056b0ffa8df7e92c9b54d4677745da1b.jpg,gt,0,WH,0.00744,0.0,no_model_support
image_from_china-1723-_jpg.rf.056b0ffa8df7e92c9b54d4677745da1b.jpg,gt,1,WH,0.01668,0.553,"class_disagree(gt=WH,pred=W)"
image_from_china-1723-_jpg.rf.b8e1fa1aa68e2e95a48f4456569ee9c4.jpg,gt,0,WH,0.00744,0.0,no_model_support
image_from_china-1723-_jpg.rf.b8e1fa1aa68e2e95a48f4456569ee9c4.jpg,gt,2,WH,0.06965,0.836,"class_disagree(gt=WH,pred=W)"
image_from_china-1723-_jpg.rf.e553e2f260fcf6cd92b57eb625c63999.jpg,gt,0,WH,0.00744,0.0,no_model_support
image_from_china-1726-_jpg.rf.771c57490df593fbbdd6792d39ad2ee1.jpg,gt,0,WH,0.39254,0.785,edge
image_from_china-1726-_jpg.rf.771c57490df593fbbdd6792d39ad2ee1.jpg,gt,1,WH,0.29748,0.842,edge
image_from_china-1726-_jpg.rf.aff828aef37ac7874c48b5b49dc5255c.jpg,gt,0,WH,0.39254,0.701,edge
image_from_china-1726-_jpg.rf.aff828aef37ac7874c48b5b49dc5255c.jpg,gt,1,WH,0.29748,0.944,edge
image_from_china-1726-_jpg.rf.be53add66687a31513d959da8da23616.jpg,gt,0,WH,0.39254,0.524,edge
image_from_china-1726-_jpg.rf.be53add66687a31513d959da8da23616.jpg,gt,1,WH,0.29748,0.796,edge
image_from_china-1746-_jpg.rf.38d56703b52403f102d9370f1911c641.jpg,gt,0,W,0.00215,0.788,tiny
image_from_china-1746-_jpg.rf.38d56703b52403f102d9370f1911c641.jpg,gt,0,W,0.00215,0.788,"class_disagree(gt=W,pred=WH)"
image_from_china-1746-_jpg.rf.38d56703b52403f102d9370f1911c641.jpg,gt,1,W,0.00072,0.078,tiny
image_from_china-1746-_jpg.rf.38d56703b52403f102d9370f1911c641.jpg,gt,1,W,0.00072,0.078,no_model_support
image_from_china-1746-_jpg.rf.38d56703b52403f102d9370f1911c641.jpg,gt,2,W,0.00299,0.285,tiny
image_from_china-1746-_jpg.rf.38d56703b52403f102d9370f1911c641.jpg,gt,3,W,0.00296,0.646,tiny
image_from_china-1746-_jpg.rf.38d56703b52403f102d9370f1911c641.jpg,gt,3,W,0.00296,0.646,"class_disagree(gt=W,pred=WH)"
image_from_china-1746-_jpg.rf.38d56703b52403f102d9370f1911c641.jpg,gt,4,W,0.00769,0.679,"class_disagree(gt=W,pred=WH)"
image_from_china-1746-_jpg.rf.38d56703b52403f102d9370f1911c641.jpg,gt,5,W,0.00715,0.656,aspect
image_from_china-1746-_jpg.rf.38d56703b52403f102d9370f1911c641.jpg,gt,5,W,0.00715,0.656,"class_disagree(gt=W,pred=WH)"
image_from_china-1746-_jpg.rf.38d56703b52403f102d9370f1911c641.jpg,gt,6,W,0.00666,0.825,aspect
image_from_china-1746-_jpg.rf.38d56703b52403f102d9370f1911c641.jpg,gt,6,W,0.00666,0.825,"class_disagree(gt=W,pred=WH)"
image_from_china-1765-_jpg.rf.82e41362364842d4e99835889f099494.jpg,gt,1,W,0.1647,0.911,edge
image_from_china-1765-_jpg.rf.cda431c974952ff35e2a5933c62ece15.jpg,gt,1,W,0.1647,0.956,edge
image_from_china-1765-_jpg.rf.ec929a9c3c66f4ec770678dbdbb06235.jpg,gt,0,W,0.24939,0.722,"class_disagree(gt=W,pred=WH)"
image_from_china-1765-_jpg.rf.ec929a9c3c66f4ec770678dbdbb06235.jpg,gt,1,W,0.1647,0.855,edge
image_from_china-1793-_jpg.rf.934c096906c924dc39e6e1de7f1b22a4.jpg,gt,0,W,0.03807,0.8,"class_disagree(gt=W,pred=WH)"
image_from_china-1793-_jpg.rf.934c096906c924dc39e6e1de7f1b22a4.jpg,gt,1,W,0.02569,0.689,edge
image_from_china-1793-_jpg.rf.934c096906c924dc39e6e1de7f1b22a4.jpg,gt,1,W,0.02569,0.689,aspect
image_from_china-1793-_jpg.rf.934c096906c924dc39e6e1de7f1b22a4.jpg,gt,1,W,0.02569,0.689,"class_disagree(gt=W,pred=WH)"
image_from_china-1793-_jpg.rf.a42cdd79f36aba847b48e579c3051f9f.jpg,gt,0,W,0.03807,0.778,"class_disagree(gt=W,pred=WH)"
image_from_china-1793-_jpg.rf.a42cdd79f36aba847b48e579c3051f9f.jpg,gt,1,W,0.02569,0.619,edge
image_from_china-1793-_jpg.rf.a42cdd79f36aba847b48e579c3051f9f.jpg,gt,1,W,0.02569,0.619,aspect
image_from_china-1793-_jpg.rf.a8599505fa1d463997d37987069f5059.jpg,gt,0,W,0.03807,0.706,"class_disagree(gt=W,pred=WH)"
image_from_china-1793-_jpg.rf.a8599505fa1d463997d37987069f5059.jpg,gt,1,W,0.02569,0.455,edge
image_from_china-1793-_jpg.rf.a8599505fa1d463997d37987069f5059.jpg,gt,1,W,0.02569,0.455,aspect
image_from_china-1816-_jpg.rf.1dfc3317c27dac5a332adc6b284c9421.jpg,gt,0,W,0.03743,0.628,edge
image_from_china-1816-_jpg.rf.c18d57e77e9d3e7c3d1101c73ca89fc1.jpg,gt,0,W,0.03743,0.631,edge
image_from_china-1816-_jpg.rf.d7a3e588c793ae690f885fbb308ba0b7.jpg,gt,0,W,0.03743,0.646,edge
image_from_china-1816-_jpg.rf.d7a3e588c793ae690f885fbb308ba0b7.jpg,gt,0,W,0.03743,0.646,"class_disagree(gt=W,pred=WH)"
image_from_china-1882-_jpg.rf.243caf2041a39fc7bbc92684fc7d29e6.jpg,gt,0,WH,0.0205,0.722,edge
image_from_china-1882-_jpg.rf.243caf2041a39fc7bbc92684fc7d29e6.jpg,gt,0,WH,0.0205,0.722,aspect
image_from_china-1882-_jpg.rf.243caf2041a39fc7bbc92684fc7d29e6.jpg,gt,1,W,0.04314,0.855,"class_disagree(gt=W,pred=WH)"
image_from_china-1882-_jpg.rf.243caf2041a39fc7bbc92684fc7d29e6.jpg,gt,2,WH,0.0074,0.845,edge
image_from_china-1882-_jpg.rf.243caf2041a39fc7bbc92684fc7d29e6.jpg,gt,3,W,0.0103,0.721,edge
image_from_china-1882-_jpg.rf.243caf2041a39fc7bbc92684fc7d29e6.jpg,gt,3,W,0.0103,0.721,"class_disagree(gt=W,pred=WH)"
image_from_china-1882-_jpg.rf.52fca6db53d6e6b0c682e7365a08266a.jpg,gt,0,WH,0.0205,0.67,edge
image_from_china-1882-_jpg.rf.52fca6db53d6e6b0c682e7365a08266a.jpg,gt,0,WH,0.0205,0.67,aspect
image_from_china-1882-_jpg.rf.52fca6db53d6e6b0c682e7365a08266a.jpg,gt,1,W,0.04314,0.825,"class_disagree(gt=W,pred=WH)"
image_from_china-1882-_jpg.rf.52fca6db53d6e6b0c682e7365a08266a.jpg,gt,2,WH,0.0074,0.881,edge
image_from_china-1882-_jpg.rf.52fca6db53d6e6b0c682e7365a08266a.jpg,gt,2,WH,0.0074,0.881,"class_disagree(gt=WH,pred=W)"
image_from_china-1882-_jpg.rf.52fca6db53d6e6b0c682e7365a08266a.jpg,gt,3,W,0.0103,0.675,edge
image_from_china-1882-_jpg.rf.52fca6db53d6e6b0c682e7365a08266a.jpg,gt,3,W,0.0103,0.675,"class_disagree(gt=W,pred=WH)"
image_from_china-1882-_jpg.rf.d4c244a2dd0696323bf5e5e79d1834d1.jpg,gt,0,WH,0.0205,0.683,edge
image_from_china-1882-_jpg.rf.d4c244a2dd0696323bf5e5e79d1834d1.jpg,gt,0,WH,0.0205,0.683,aspect
image_from_china-1882-_jpg.rf.d4c244a2dd0696323bf5e5e79d1834d1.jpg,gt,1,W,0.04314,0.865,"class_disagree(gt=W,pred=WH)"
image_from_china-1882-_jpg.rf.d4c244a2dd0696323bf5e5e79d1834d1.jpg,gt,2,WH,0.0074,0.891,edge
image_from_china-1882-_jpg.rf.d4c244a2dd0696323bf5e5e79d1834d1.jpg,gt,2,WH,0.0074,0.891,"class_disagree(gt=WH,pred=W)"
image_from_china-1882-_jpg.rf.d4c244a2dd0696323bf5e5e79d1834d1.jpg,gt,3,W,0.0103,0.826,edge
image_from_china-1973-_jpg.rf.1c55e290f953d04cebcbff4f6d892fae.jpg,gt,1,W,0.00248,0.0,tiny
image_from_china-1973-_jpg.rf.1c55e290f953d04cebcbff4f6d892fae.jpg,gt,1,W,0.00248,0.0,no_model_support
image_from_china-1973-_jpg.rf.1c55e290f953d04cebcbff4f6d892fae.jpg,gt,2,W,0.16209,0.617,edge
image_from_china-1973-_jpg.rf.338d09713b3480af3769035240a2ab74.jpg,gt,0,W,0.00625,0.0,no_model_support
image_from_china-1973-_jpg.rf.338d09713b3480af3769035240a2ab74.jpg,gt,1,W,0.00248,0.0,tiny
image_from_china-1973-_jpg.rf.338d09713b3480af3769035240a2ab74.jpg,gt,1,W,0.00248,0.0,no_model_support
image_from_china-1973-_jpg.rf.338d09713b3480af3769035240a2ab74.jpg,gt,2,W,0.16209,0.0,edge
image_from_china-1973-_jpg.rf.338d09713b3480af3769035240a2ab74.jpg,gt,2,W,0.16209,0.0,no_model_support
image_from_china-1973-_jpg.rf.4809d6561d2af39b8234047255a75417.jpg,gt,1,W,0.00248,0.686,tiny
image_from_china-1973-_jpg.rf.4809d6561d2af39b8234047255a75417.jpg,gt,2,W,0.16209,0.628,edge
image_from_china-2001-_jpg.rf.547d55addb8f65d11465383d91b7f403.jpg,gt,0,WH,0.00255,0.548,tiny
image_from_china-2001-_jpg.rf.547d55addb8f65d11465383d91b7f403.jpg,gt,1,WH,0.00252,0.039,tiny
image_from_china-2001-_jpg.rf.547d55addb8f65d11465383d91b7f403.jpg,gt,1,WH,0.00252,0.039,no_model_support
image_from_china-2001-_jpg.rf.547d55addb8f65d11465383d91b7f403.jpg,gt,2,W,0.05461,0.803,edge
image_from_china-2001-_jpg.rf.547d55addb8f65d11465383d91b7f403.jpg,gt,2,W,0.05461,0.803,aspect
image_from_china-2001-_jpg.rf.547d55addb8f65d11465383d91b7f403.jpg,gt,2,W,0.05461,0.803,"class_disagree(gt=W,pred=WH)"
image_from_china-2001-_jpg.rf.7d131f1db69b5b42806aed0ba1b5ff13.jpg,gt,0,WH,0.00255,0.592,tiny
image_from_china-2001-_jpg.rf.7d131f1db69b5b42806aed0ba1b5ff13.jpg,gt,1,WH,0.00252,0.023,tiny
image_from_china-2001-_jpg.rf.7d131f1db69b5b42806aed0ba1b5ff13.jpg,gt,1,WH,0.00252,0.023,no_model_support
image_from_china-2001-_jpg.rf.7d131f1db69b5b42806aed0ba1b5ff13.jpg,gt,2,W,0.05461,0.913,edge
image_from_china-2001-_jpg.rf.7d131f1db69b5b42806aed0ba1b5ff13.jpg,gt,2,W,0.05461,0.913,aspect
image_from_china-2001-_jpg.rf.7d131f1db69b5b42806aed0ba1b5ff13.jpg,gt,2,W,0.05461,0.913,"class_disagree(gt=W,pred=WH)"
image_from_china-2001-_jpg.rf.ce6297b6ebcd35caf133b325a2d22108.jpg,gt,0,WH,0.00255,0.331,tiny
image_from_china-2001-_jpg.rf.ce6297b6ebcd35caf133b325a2d22108.jpg,gt,1,WH,0.00252,0.038,tiny
image_from_china-2001-_jpg.rf.ce6297b6ebcd35caf133b325a2d22108.jpg,gt,1,WH,0.00252,0.038,no_model_support
image_from_china-2001-_jpg.rf.ce6297b6ebcd35caf133b325a2d22108.jpg,gt,2,W,0.05461,0.74,edge
image_from_china-2001-_jpg.rf.ce6297b6ebcd35caf133b325a2d22108.jpg,gt,2,W,0.05461,0.74,aspect
image_from_china-2001-_jpg.rf.ce6297b6ebcd35caf133b325a2d22108.jpg,gt,2,W,0.05461,0.74,"class_disagree(gt=W,pred=WH)"
image_from_china-2134-_jpg.rf.1de107526aa0c9eeb4fc5bebd6d0ae30.jpg,gt,0,W,0.0125,0.0,edge
image_from_china-2134-_jpg.rf.1de107526aa0c9eeb4fc5bebd6d0ae30.jpg,gt,0,W,0.0125,0.0,aspect
image_from_china-2134-_jpg.rf.1de107526aa0c9eeb4fc5bebd6d0ae30.jpg,gt,0,W,0.0125,0.0,no_model_support
image_from_china-2134-_jpg.rf.1de107526aa0c9eeb4fc5bebd6d0ae30.jpg,gt,1,WH,0.00849,0.0,aspect
image_from_china-2134-_jpg.rf.1de107526aa0c9eeb4fc5bebd6d0ae30.jpg,gt,1,WH,0.00849,0.0,no_model_support
image_from_china-2134-_jpg.rf.1de107526aa0c9eeb4fc5bebd6d0ae30.jpg,gt,2,WH,0.09313,0.838,"class_disagree(gt=WH,pred=W)"
image_from_china-2134-_jpg.rf.419c4de5fe71cdfea039e4910dc3c2e5.jpg,gt,0,W,0.0125,0.063,edge
image_from_china-2134-_jpg.rf.419c4de5fe71cdfea039e4910dc3c2e5.jpg,gt,0,W,0.0125,0.063,aspect
image_from_china-2134-_jpg.rf.419c4de5fe71cdfea039e4910dc3c2e5.jpg,gt,0,W,0.0125,0.063,no_model_support
image_from_china-2134-_jpg.rf.419c4de5fe71cdfea039e4910dc3c2e5.jpg,gt,1,WH,0.00849,0.0,aspect
image_from_china-2134-_jpg.rf.419c4de5fe71cdfea039e4910dc3c2e5.jpg,gt,1,WH,0.00849,0.0,no_model_support
image_from_china-2134-_jpg.rf.f6478af71a5b6a7ae4b7daf234c56f1f.jpg,gt,0,W,0.0125,0.0,edge
image_from_china-2134-_jpg.rf.f6478af71a5b6a7ae4b7daf234c56f1f.jpg,gt,0,W,0.0125,0.0,aspect
image_from_china-2134-_jpg.rf.f6478af71a5b6a7ae4b7daf234c56f1f.jpg,gt,0,W,0.0125,0.0,no_model_support
image_from_china-2134-_jpg.rf.f6478af71a5b6a7ae4b7daf234c56f1f.jpg,gt,1,WH,0.00849,0.0,aspect
image_from_china-2134-_jpg.rf.f6478af71a5b6a7ae4b7daf234c56f1f.jpg,gt,1,WH,0.00849,0.0,no_model_support
image_from_china-2134-_jpg.rf.f6478af71a5b6a7ae4b7daf234c56f1f.jpg,gt,2,WH,0.09313,0.711,"class_disagree(gt=WH,pred=W)"
image_from_china-2154-_jpg.rf.12e3ff19c1be177b144bf0550819d68a.jpg,gt,1,W,0.03138,0.915,"class_disagree(gt=W,pred=WH)"
image_from_china-218-_jpg.rf.16a7528b84887d9e00e07ff59fd229ec.jpg,gt,1,W,0.01994,0.933,edge
image_from_china-218-_jpg.rf.5145d7454e3d41e0b1c35a8a6fa8e97b.jpg,gt,1,W,0.01994,0.723,edge
image_from_china-218-_jpg.rf.5145d7454e3d41e0b1c35a8a6fa8e97b.jpg,gt,1,W,0.01994,0.723,"class_disagree(gt=W,pred=WH)"
image_from_china-218-_jpg.rf.6dc863ce33abef59cb97b3daefdf66c6.jpg,gt,1,W,0.01994,0.882,edge
image_from_china-2185-_jpg.rf.4ffd00c2633e550f268d883bf80b320d.jpg,gt,1,W,0.01022,0.882,"class_disagree(gt=W,pred=WH)"
image_from_china-2185-_jpg.rf.4ffd00c2633e550f268d883bf80b320d.jpg,gt,2,W,0.00831,0.628,"class_disagree(gt=W,pred=WH)"
image_from_china-2185-_jpg.rf.54bd77e7573f27bcc920a563b7ac0dac.jpg,gt,1,W,0.01022,0.87,"class_disagree(gt=W,pred=WH)"
image_from_china-2185-_jpg.rf.54bd77e7573f27bcc920a563b7ac0dac.jpg,gt,2,W,0.00831,0.68,"class_disagree(gt=W,pred=WH)"
image_from_china-2185-_jpg.rf.c5882d5060077c67a1f44b27b308e060.jpg,gt,1,W,0.01022,0.885,"class_disagree(gt=W,pred=WH)"
image_from_china-2185-_jpg.rf.c5882d5060077c67a1f44b27b308e060.jpg,gt,2,W,0.00831,0.702,"class_disagree(gt=W,pred=WH)"
image_from_china-2216-_jpg.rf.41f00af609e09ed24cda6bf132552ff2.jpg,gt,0,WH,0.00125,0.111,tiny
image_from_china-2216-_jpg.rf.41f00af609e09ed24cda6bf132552ff2.jpg,gt,0,WH,0.00125,0.111,no_model_support
image_from_china-2216-_jpg.rf.41f00af609e09ed24cda6bf132552ff2.jpg,gt,1,WH,0.00083,0.0,tiny
image_from_china-2216-_jpg.rf.41f00af609e09ed24cda6bf132552ff2.jpg,gt,1,WH,0.00083,0.0,no_model_support
image_from_china-2216-_jpg.rf.41f00af609e09ed24cda6bf132552ff2.jpg,gt,2,WH,0.00277,0.593,tiny
image_from_china-2216-_jpg.rf.41f00af609e09ed24cda6bf132552ff2.jpg,gt,5,WH,0.00289,0.0,tiny
image_from_china-2216-_jpg.rf.41f00af609e09ed24cda6bf132552ff2.jpg,gt,5,WH,0.00289,0.0,no_model_support
image_from_china-2236-_jpg.rf.18a00f74bc308314cc11e04b8524742a.jpg,gt,0,W,0.00246,0.0,tiny
image_from_china-2236-_jpg.rf.18a00f74bc308314cc11e04b8524742a.jpg,gt,0,W,0.00246,0.0,no_model_support
image_from_china-2236-_jpg.rf.60dff4b22be3bfa9fd0f4beaf602ecee.jpg,gt,0,W,0.00246,0.788,tiny
image_from_china-2236-_jpg.rf.60dff4b22be3bfa9fd0f4beaf602ecee.jpg,gt,0,W,0.00246,0.788,"class_disagree(gt=W,pred=WH)"
image_from_china-2236-_jpg.rf.60dff4b22be3bfa9fd0f4beaf602ecee.jpg,gt,2,W,0.00319,0.654,"class_disagree(gt=W,pred=WH)"
image_from_china-2236-_jpg.rf.60dff4b22be3bfa9fd0f4beaf602ecee.jpg,pred,-1,WH,,0.556,unlabeled_pred
image_from_china-2236-_jpg.rf.9afb4dc2e94c87b16585d903ec67d389.jpg,gt,0,W,0.00246,0.73,tiny
image_from_china-2302-_jpg.rf.06d3609c045d858a807038e468e2641b.jpg,gt,0,W,0.00595,0.66,"class_disagree(gt=W,pred=WH)"
image_from_china-2302-_jpg.rf.06d3609c045d858a807038e468e2641b.jpg,gt,1,W,0.01055,0.722,"class_disagree(gt=W,pred=WH)"
image_from_china-2302-_jpg.rf.06d3609c045d858a807038e468e2641b.jpg,gt,2,W,0.02203,0.668,"class_disagree(gt=W,pred=WH)"
image_from_china-2302-_jpg.rf.06d3609c045d858a807038e468e2641b.jpg,gt,3,W,0.02592,0.8,aspect
image_from_china-2302-_jpg.rf.06d3609c045d858a807038e468e2641b.jpg,gt,3,W,0.02592,0.8,"class_disagree(gt=W,pred=WH)"
image_from_china-2302-_jpg.rf.6ecaaa8469d7cfb530d08e33f25369dc.jpg,gt,0,W,0.00595,0.679,"class_disagree(gt=W,pred=WH)"
image_from_china-2302-_jpg.rf.6ecaaa8469d7cfb530d08e33f25369dc.jpg,gt,1,W,0.01055,0.532,"class_disagree(gt=W,pred=WH)"
image_from_china-2302-_jpg.rf.6ecaaa8469d7cfb530d08e33f25369dc.jpg,gt,2,W,0.02203,0.643,"class_disagree(gt=W,pred=WH)"
image_from_china-2302-_jpg.rf.6ecaaa8469d7cfb530d08e33f25369dc.jpg,gt,3,W,0.02592,0.764,aspect
image_from_china-2302-_jpg.rf.fe81e6910af8c6a2b9dfed85ed16fcb1.jpg,gt,0,W,0.00595,0.522,"class_disagree(gt=W,pred=WH)"
image_from_china-2302-_jpg.rf.fe81e6910af8c6a2b9dfed85ed16fcb1.jpg,gt,2,W,0.02203,0.573,"class_disagree(gt=W,pred=WH)"
image_from_china-2302-_jpg.rf.fe81e6910af8c6a2b9dfed85ed16fcb1.jpg,gt,3,W,0.02592,0.588,aspect
image_from_china-2302-_jpg.rf.fe81e6910af8c6a2b9dfed85ed16fcb1.jpg,gt,3,W,0.02592,0.588,"class_disagree(gt=W,pred=WH)"
image_from_china-2303-_jpg.rf.1a3ef2b20435c07c14a45ef269dfcd56.jpg,gt,0,W,0.15128,0.809,edge
image_from_china-2303-_jpg.rf.1a3ef2b20435c07c14a45ef269dfcd56.jpg,gt,1,W,0.18001,0.803,edge
image_from_china-2303-_jpg.rf.1a3ef2b20435c07c14a45ef269dfcd56.jpg,gt,1,W,0.18001,0.803,aspect
image_from_china-2303-_jpg.rf.745e42169a1af32b082d7f193203fbbb.jpg,gt,0,W,0.15128,0.811,edge
image_from_china-2303-_jpg.rf.745e42169a1af32b082d7f193203fbbb.jpg,gt,1,W,0.18001,0.802,edge
image_from_china-2303-_jpg.rf.745e42169a1af32b082d7f193203fbbb.jpg,gt,1,W,0.18001,0.802,aspect
image_from_china-2303-_jpg.rf.f8294ec60fb9869746461bfe9fbd6ec0.jpg,gt,0,W,0.15128,0.836,edge
image_from_china-2303-_jpg.rf.f8294ec60fb9869746461bfe9fbd6ec0.jpg,gt,1,W,0.18001,0.795,edge
image_from_china-2303-_jpg.rf.f8294ec60fb9869746461bfe9fbd6ec0.jpg,gt,1,W,0.18001,0.795,aspect
image_from_china-239-_jpg.rf.1482c4e5402a9607045d4683c35cd412.jpg,gt,0,W,0.02199,0.85,"class_disagree(gt=W,pred=WH)"
image_from_china-239-_jpg.rf.1482c4e5402a9607045d4683c35cd412.jpg,gt,1,W,0.01185,0.27,aspect
image_from_china-239-_jpg.rf.1482c4e5402a9607045d4683c35cd412.jpg,gt,2,WH,0.01121,0.598,aspect
image_from_china-239-_jpg.rf.95e17de924119b49ca7c5764840ff432.jpg,gt,0,W,0.02199,0.842,"class_disagree(gt=W,pred=WH)"
image_from_china-239-_jpg.rf.95e17de924119b49ca7c5764840ff432.jpg,gt,1,W,0.01185,0.268,aspect
image_from_china-239-_jpg.rf.95e17de924119b49ca7c5764840ff432.jpg,gt,2,WH,0.01121,0.58,aspect
image_from_china-239-_jpg.rf.97ca8ec52d5994e05ce0800eac11c032.jpg,gt,0,W,0.02199,0.764,"class_disagree(gt=W,pred=WH)"
image_from_china-239-_jpg.rf.97ca8ec52d5994e05ce0800eac11c032.jpg,gt,1,W,0.01185,0.297,aspect
image_from_china-239-_jpg.rf.97ca8ec52d5994e05ce0800eac11c032.jpg,gt,2,WH,0.01121,0.568,aspect
image_from_china-2427-_jpg.rf.1a0517def5844150f39cd88460c1e9ad.jpg,gt,0,WH,0.00066,0.23,tiny
image_from_china-2427-_jpg.rf.1a0517def5844150f39cd88460c1e9ad.jpg,gt,0,WH,0.00066,0.23,aspect
image_from_china-2427-_jpg.rf.1a0517def5844150f39cd88460c1e9ad.jpg,gt,1,WH,0.00095,0.614,tiny
image_from_china-2427-_jpg.rf.1a0517def5844150f39cd88460c1e9ad.jpg,gt,1,WH,0.00095,0.614,"class_disagree(gt=WH,pred=W)"
image_from_china-2427-_jpg.rf.1a0517def5844150f39cd88460c1e9ad.jpg,gt,2,WH,0.00071,0.17,tiny
image_from_china-2427-_jpg.rf.1a0517def5844150f39cd88460c1e9ad.jpg,gt,2,WH,0.00071,0.17,no_model_support
image_from_china-2427-_jpg.rf.58af726e4d67d4dc05a3bcb11fd35082.jpg,gt,0,WH,0.00066,0.451,tiny
image_from_china-2427-_jpg.rf.58af726e4d67d4dc05a3bcb11fd35082.jpg,gt,0,WH,0.00066,0.451,aspect
image_from_china-2427-_jpg.rf.58af726e4d67d4dc05a3bcb11fd35082.jpg,gt,1,WH,0.00095,0.752,tiny
image_from_china-2427-_jpg.rf.58af726e4d67d4dc05a3bcb11fd35082.jpg,gt,2,WH,0.00071,0.369,tiny
image_from_china-2427-_jpg.rf.c10e81b2903887711ca6d9d59ba8acfb.jpg,gt,0,WH,0.00066,0.214,tiny
image_from_china-2427-_jpg.rf.c10e81b2903887711ca6d9d59ba8acfb.jpg,gt,0,WH,0.00066,0.214,aspect
image_from_china-2427-_jpg.rf.c10e81b2903887711ca6d9d59ba8acfb.jpg,gt,1,WH,0.00095,0.874,tiny
image_from_china-2427-_jpg.rf.c10e81b2903887711ca6d9d59ba8acfb.jpg,gt,2,WH,0.00071,0.693,tiny
image_from_china-2446-_jpg.rf.1690e42b9dff60bcc0b5a981b60846df.jpg,gt,0,W,0.00699,0.0,no_model_support
image_from_china-2446-_jpg.rf.1690e42b9dff60bcc0b5a981b60846df.jpg,gt,1,WH,0.04911,0.745,aspect
image_from_china-2446-_jpg.rf.1690e42b9dff60bcc0b5a981b60846df.jpg,gt,2,WH,0.06495,0.836,edge
image_from_china-2446-_jpg.rf.b2b5377964d528b4efba6472498069fa.jpg,gt,0,W,0.00699,0.0,no_model_support
image_from_china-2446-_jpg.rf.b2b5377964d528b4efba6472498069fa.jpg,gt,1,WH,0.04911,0.736,aspect
image_from_china-2446-_jpg.rf.b2b5377964d528b4efba6472498069fa.jpg,gt,2,WH,0.06495,0.839,edge
image_from_china-2446-_jpg.rf.b6eaec801dbe0c26c51ac85674fbf037.jpg,gt,0,W,0.00699,0.0,no_model_support
image_from_china-2446-_jpg.rf.b6eaec801dbe0c26c51ac85674fbf037.jpg,gt,1,WH,0.04911,0.727,aspect
image_from_china-2446-_jpg.rf.b6eaec801dbe0c26c51ac85674fbf037.jpg,gt,2,WH,0.06495,0.928,edge
image_from_china-2469-_jpg.rf.4113cbbf1acf19dc0484b49ea4400c8a.jpg,gt,0,W,0.00274,0.634,tiny
image_from_china-2469-_jpg.rf.4113cbbf1acf19dc0484b49ea4400c8a.jpg,gt,1,WH,0.00188,0.133,tiny
image_from_china-2469-_jpg.rf.4113cbbf1acf19dc0484b49ea4400c8a.jpg,gt,1,WH,0.00188,0.133,no_model_support
image_from_china-2469-_jpg.rf.5fc335e2bf26775d2e8dc5ab61ad550f.jpg,gt,0,W,0.00274,0.633,tiny
image_from_china-2469-_jpg.rf.5fc335e2bf26775d2e8dc5ab61ad550f.jpg,gt,1,WH,0.00188,0.093,tiny
image_from_china-2469-_jpg.rf.5fc335e2bf26775d2e8dc5ab61ad550f.jpg,gt,1,WH,0.00188,0.093,no_model_support
image_from_china-2469-_jpg.rf.dffc031166d5db68a442f507f0490fe6.jpg,gt,0,W,0.00274,0.786,tiny
image_from_china-2469-_jpg.rf.dffc031166d5db68a442f507f0490fe6.jpg,gt,0,W,0.00274,0.786,"class_disagree(gt=W,pred=WH)"
image_from_china-2469-_jpg.rf.dffc031166d5db68a442f507f0490fe6.jpg,gt,1,WH,0.00188,0.528,tiny
image_from_china-2469-_jpg.rf.dffc031166d5db68a442f507f0490fe6.jpg,gt,2,W,0.00481,0.583,"class_disagree(gt=W,pred=WH)"
image_from_china-2470-_jpg.rf.158669be22ef0f92cfefcec18e7bda4b.jpg,gt,0,W,0.00755,0.889,"class_disagree(gt=W,pred=WH)"
image_from_china-2470-_jpg.rf.627fe9e08b0fb201f304ecde0a91b6a3.jpg,gt,0,W,0.00755,0.898,"class_disagree(gt=W,pred=WH)"
image_from_china-2470-_jpg.rf.e49c589722a987373d230664d00ddd0d.jpg,gt,0,W,0.00755,0.846,"class_disagree(gt=W,pred=WH)"
image_from_china-254-_jpg.rf.28fee1441efcb610803c995e42ae678b.jpg,gt,0,W,0.15122,0.851,edge
image_from_china-254-_jpg.rf.28fee1441efcb610803c995e42ae678b.jpg,gt,1,W,0.23405,0.783,edge
image_from_china-254-_jpg.rf.28fee1441efcb610803c995e42ae678b.jpg,gt,2,W,0.37578,0.702,edge
image_from_china-254-_jpg.rf.551a8b3a03c516b93ee7ca38f35c046b.jpg,gt,0,W,0.15122,0.859,edge
image_from_china-254-_jpg.rf.551a8b3a03c516b93ee7ca38f35c046b.jpg,gt,1,W,0.23405,0.608,edge
image_from_china-254-_jpg.rf.551a8b3a03c516b93ee7ca38f35c046b.jpg,gt,2,W,0.37814,0.926,edge
image_from_china-254-_jpg.rf.f35a6f4dce687eebbe1aa8f549905aac.jpg,gt,0,W,0.15151,0.798,edge
image_from_china-254-_jpg.rf.f35a6f4dce687eebbe1aa8f549905aac.jpg,gt,1,W,0.23359,0.601,edge
image_from_china-254-_jpg.rf.f35a6f4dce687eebbe1aa8f549905aac.jpg,gt,2,W,0.3767,0.911,edge
image_from_china-2629-_jpg.rf.0a47f9923e83aa51625b4501d02779ff.jpg,gt,0,W,0.12857,0.672,edge
image_from_china-2629-_jpg.rf.0a47f9923e83aa51625b4501d02779ff.jpg,gt,0,W,0.12857,0.672,"class_disagree(gt=W,pred=WH)"
image_from_china-2629-_jpg.rf.0a47f9923e83aa51625b4501d02779ff.jpg,gt,1,W,0.78125,0.59,edge
image_from_china-2629-_jpg.rf.0a47f9923e83aa51625b4501d02779ff.jpg,pred,-1,WH,,0.73,unlabeled_pred
image_from_china-2629-_jpg.rf.6d0c9e669dc1a6da15e0678fca52d06a.jpg,gt,0,W,0.12857,0.679,edge
image_from_china-2629-_jpg.rf.6d0c9e669dc1a6da15e0678fca52d06a.jpg,gt,1,W,0.78125,0.848,edge
image_from_china-2629-_jpg.rf.6d0c9e669dc1a6da15e0678fca52d06a.jpg,pred,-1,WH,,0.642,unlabeled_pred
image_from_china-2629-_jpg.rf.6e2f19cae8d72e9dc6c4fa19b7689b3f.jpg,gt,0,W,0.12887,0.615,edge
image_from_china-2629-_jpg.rf.6e2f19cae8d72e9dc6c4fa19b7689b3f.jpg,gt,0,W,0.12887,0.615,"class_disagree(gt=W,pred=WH)"
image_from_china-2629-_jpg.rf.6e2f19cae8d72e9dc6c4fa19b7689b3f.jpg,gt,1,W,0.78125,0.246,edge
image_from_china-263-_jpg.rf.01921a388a3ebba89220aae8129c14de.jpg,gt,0,W,0.02263,0.677,"class_disagree(gt=W,pred=WH)"
image_from_china-263-_jpg.rf.23f8d7560dbcde6b157f44ef52b9d889.jpg,gt,1,W,0.02682,0.508,"class_disagree(gt=W,pred=WH)"
image_from_china-263-_jpg.rf.54a0eee2125d21388d40414013dc44f6.jpg,gt,0,W,0.02263,0.725,"class_disagree(gt=W,pred=WH)"
image_from_china-2665-_jpg.rf.2a6755f712a71460266ae086bb6134a8.jpg,gt,0,WHV,0.08505,0.798,"class_disagree(gt=WHV,pred=WH)"
image_from_china-2665-_jpg.rf.2a6755f712a71460266ae086bb6134a8.jpg,gt,1,WH,0.13666,0.194,no_model_support
image_from_china-2667-_jpg.rf.3d6108b40f9ca1af50554458e0a0822c.jpg,gt,0,WHV,0.00209,0.81,tiny
image_from_china-2667-_jpg.rf.3d6108b40f9ca1af50554458e0a0822c.jpg,gt,0,WHV,0.00209,0.81,"class_disagree(gt=WHV,pred=WH)"
image_from_china-2667-_jpg.rf.3d6108b40f9ca1af50554458e0a0822c.jpg,gt,1,WH,0.00152,0.058,tiny
image_from_china-2667-_jpg.rf.3d6108b40f9ca1af50554458e0a0822c.jpg,gt,1,WH,0.00152,0.058,no_model_support
image_from_china-2667-_jpg.rf.3d6108b40f9ca1af50554458e0a0822c.jpg,gt,3,WHV,0.00379,0.679,"class_disagree(gt=WHV,pred=WH)"
image_from_china-2667-_jpg.rf.3d6108b40f9ca1af50554458e0a0822c.jpg,gt,4,WH,0.02994,0.801,aspect
image_from_china-2667-_jpg.rf.3d6108b40f9ca1af50554458e0a0822c.jpg,gt,5,WH,0.02436,0.766,aspect
image_from_china-2667-_jpg.rf.3d6108b40f9ca1af50554458e0a0822c.jpg,pred,-1,W,,0.758,unlabeled_pred
image_from_china-2692-_jpg.rf.0913d07322675296e82f0828902a269a.jpg,gt,0,WH,0.40332,0.733,edge
image_from_china-2692-_jpg.rf.0913d07322675296e82f0828902a269a.jpg,gt,1,WH,0.21703,0.831,edge
image_from_china-2692-_jpg.rf.3281ae0167e74be39d77bb5fa801ba99.jpg,gt,0,WH,0.40332,0.894,edge
image_from_china-2692-_jpg.rf.3281ae0167e74be39d77bb5fa801ba99.jpg,gt,1,WH,0.21703,0.782,edge
image_from_china-2692-_jpg.rf.336316c8352a6dee477858769e914d92.jpg,gt,0,WH,0.40332,0.92,edge
image_from_china-2692-_jpg.rf.336316c8352a6dee477858769e914d92.jpg,gt,1,WH,0.21703,0.787,edge
image_from_china-2693-_jpg.rf.232478f974f5cd2c142f44cae3e0301c.jpg,gt,0,W,0.08234,0.395,edge
image_from_china-2693-_jpg.rf.232478f974f5cd2c142f44cae3e0301c.jpg,gt,1,WH,0.13445,0.679,edge
image_from_china-2693-_jpg.rf.232478f974f5cd2c142f44cae3e0301c.jpg,gt,1,WH,0.13445,0.679,"class_disagree(gt=WH,pred=W)"
image_from_china-2693-_jpg.rf.232478f974f5cd2c142f44cae3e0301c.jpg,gt,2,WH,0.24439,0.774,edge
image_from_china-2693-_jpg.rf.232478f974f5cd2c142f44cae3e0301c.jpg,gt,2,WH,0.24439,0.774,"class_disagree(gt=WH,pred=W)"
image_from_china-2693-_jpg.rf.6ef823046d072fa21b7e649ab5d8de60.jpg,gt,0,W,0.08266,0.33,edge
image_from_china-2693-_jpg.rf.6ef823046d072fa21b7e649ab5d8de60.jpg,gt,1,WH,0.13556,0.767,edge
image_from_china-2693-_jpg.rf.6ef823046d072fa21b7e649ab5d8de60.jpg,gt,1,WH,0.13556,0.767,"class_disagree(gt=WH,pred=W)"
image_from_china-2693-_jpg.rf.6ef823046d072fa21b7e649ab5d8de60.jpg,gt,2,WH,0.24439,0.805,edge
image_from_china-2693-_jpg.rf.6ef823046d072fa21b7e649ab5d8de60.jpg,gt,2,WH,0.24439,0.805,"class_disagree(gt=WH,pred=W)"
image_from_china-2693-_jpg.rf.83238eec7a9b6d3f88db02f19921188d.jpg,gt,0,W,0.08266,0.338,edge
image_from_china-2693-_jpg.rf.83238eec7a9b6d3f88db02f19921188d.jpg,gt,1,WH,0.13556,0.824,edge
image_from_china-2693-_jpg.rf.83238eec7a9b6d3f88db02f19921188d.jpg,gt,1,WH,0.13556,0.824,"class_disagree(gt=WH,pred=W)"
image_from_china-2693-_jpg.rf.83238eec7a9b6d3f88db02f19921188d.jpg,gt,2,WH,0.24439,0.793,edge
image_from_china-2693-_jpg.rf.83238eec7a9b6d3f88db02f19921188d.jpg,gt,2,WH,0.24439,0.793,"class_disagree(gt=WH,pred=W)"
image_from_china-2699-_jpg.rf.500fd8538aef616649e8d0c7ef348cb8.jpg,gt,0,WH,0.00105,0.347,tiny
image_from_china-2699-_jpg.rf.500fd8538aef616649e8d0c7ef348cb8.jpg,gt,1,WH,0.00094,0.31,tiny
image_from_china-2699-_jpg.rf.500fd8538aef616649e8d0c7ef348cb8.jpg,gt,1,WH,0.00094,0.31,aspect
image_from_china-2699-_jpg.rf.500fd8538aef616649e8d0c7ef348cb8.jpg,gt,2,W,0.00234,0.854,tiny
image_from_china-2699-_jpg.rf.5293aa120d4c5c859e5a015720f41acc.jpg,gt,0,WH,0.00105,0.283,tiny
image_from_china-2699-_jpg.rf.5293aa120d4c5c859e5a015720f41acc.jpg,gt,1,WH,0.00094,0.23,tiny
image_from_china-2699-_jpg.rf.5293aa120d4c5c859e5a015720f41acc.jpg,gt,1,WH,0.00094,0.23,aspect
image_from_china-2699-_jpg.rf.5293aa120d4c5c859e5a015720f41acc.jpg,gt,2,W,0.00234,0.066,tiny
image_from_china-2699-_jpg.rf.5293aa120d4c5c859e5a015720f41acc.jpg,gt,2,W,0.00234,0.066,no_model_support
image_from_china-2699-_jpg.rf.9b5fe81e4023f26abbf9a84ddd0b6a2e.jpg,gt,0,WH,0.00105,0.0,tiny
image_from_china-2699-_jpg.rf.9b5fe81e4023f26abbf9a84ddd0b6a2e.jpg,gt,0,WH,0.00105,0.0,no_model_support
image_from_china-2699-_jpg.rf.9b5fe81e4023f26abbf9a84ddd0b6a2e.jpg,gt,1,WH,0.00094,0.0,tiny
image_from_china-2699-_jpg.rf.9b5fe81e4023f26abbf9a84ddd0b6a2e.jpg,gt,1,WH,0.00094,0.0,aspect
image_from_china-2699-_jpg.rf.9b5fe81e4023f26abbf9a84ddd0b6a2e.jpg,gt,1,WH,0.00094,0.0,no_model_support
image_from_china-2699-_jpg.rf.9b5fe81e4023f26abbf9a84ddd0b6a2e.jpg,gt,2,W,0.00234,0.0,tiny
image_from_china-2699-_jpg.rf.9b5fe81e4023f26abbf9a84ddd0b6a2e.jpg,gt,2,W,0.00234,0.0,no_model_support
image_from_china-2720-_jpg.rf.5dcfb583b89780d5afe90ca7dddf7f9b.jpg,gt,0,WH,0.00556,0.0,no_model_support
image_from_china-2720-_jpg.rf.5dcfb583b89780d5afe90ca7dddf7f9b.jpg,gt,2,WH,0.0121,0.114,no_model_support
image_from_china-2720-_jpg.rf.79b5b8e0e0d023257fc25a909eb9df3c.jpg,gt,0,WH,0.00556,0.114,no_model_support
image_from_china-2720-_jpg.rf.e9b6c70adb8bfe443207b1795f00be46.jpg,gt,0,WH,0.00556,0.176,no_model_support
image_from_china-2739-_jpg.rf.0b2c2a960d02f226990343a1b565abb5.jpg,gt,0,WH,0.00075,0.0,tiny
image_from_china-2739-_jpg.rf.0b2c2a960d02f226990343a1b565abb5.jpg,gt,0,WH,0.00075,0.0,aspect
image_from_china-2739-_jpg.rf.0b2c2a960d02f226990343a1b565abb5.jpg,gt,0,WH,0.00075,0.0,no_model_support
image_from_china-2739-_jpg.rf.0b2c2a960d02f226990343a1b565abb5.jpg,gt,1,WH,0.00069,0.0,tiny
image_from_china-2739-_jpg.rf.0b2c2a960d02f226990343a1b565abb5.jpg,gt,1,WH,0.00069,0.0,aspect
image_from_china-2739-_jpg.rf.0b2c2a960d02f226990343a1b565abb5.jpg,gt,1,WH,0.00069,0.0,no_model_support
image_from_china-2739-_jpg.rf.0b2c2a960d02f226990343a1b565abb5.jpg,gt,2,WH,0.00268,0.0,tiny
image_from_china-2739-_jpg.rf.0b2c2a960d02f226990343a1b565abb5.jpg,gt,2,WH,0.00268,0.0,no_model_support
image_from_china-2739-_jpg.rf.372a560c0f0dec8f6ea9cb37fee0273a.jpg,gt,0,WH,0.00075,0.0,tiny
image_from_china-2739-_jpg.rf.372a560c0f0dec8f6ea9cb37fee0273a.jpg,gt,0,WH,0.00075,0.0,aspect
image_from_china-2739-_jpg.rf.372a560c0f0dec8f6ea9cb37fee0273a.jpg,gt,0,WH,0.00075,0.0,no_model_support
image_from_china-2739-_jpg.rf.372a560c0f0dec8f6ea9cb37fee0273a.jpg,gt,1,WH,0.00069,0.0,tiny
image_from_china-2739-_jpg.rf.372a560c0f0dec8f6ea9cb37fee0273a.jpg,gt,1,WH,0.00069,0.0,aspect
image_from_china-2739-_jpg.rf.372a560c0f0dec8f6ea9cb37fee0273a.jpg,gt,1,WH,0.00069,0.0,no_model_support
image_from_china-2739-_jpg.rf.372a560c0f0dec8f6ea9cb37fee0273a.jpg,gt,2,WH,0.00268,0.483,tiny
image_from_china-2739-_jpg.rf.48c915a9b27f9cc8884f1f90c258cc7b.jpg,gt,0,WH,0.00075,0.033,tiny
image_from_china-2739-_jpg.rf.48c915a9b27f9cc8884f1f90c258cc7b.jpg,gt,0,WH,0.00075,0.033,aspect
image_from_china-2739-_jpg.rf.48c915a9b27f9cc8884f1f90c258cc7b.jpg,gt,0,WH,0.00075,0.033,no_model_support
image_from_china-2739-_jpg.rf.48c915a9b27f9cc8884f1f90c258cc7b.jpg,gt,1,WH,0.00069,0.03,tiny
image_from_china-2739-_jpg.rf.48c915a9b27f9cc8884f1f90c258cc7b.jpg,gt,1,WH,0.00069,0.03,aspect
image_from_china-2739-_jpg.rf.48c915a9b27f9cc8884f1f90c258cc7b.jpg,gt,1,WH,0.00069,0.03,no_model_support
image_from_china-2739-_jpg.rf.48c915a9b27f9cc8884f1f90c258cc7b.jpg,gt,2,WH,0.00268,0.539,tiny
image_from_china-2772-_jpg.rf.42d8f41548969dcbe433418ff6ee875f.jpg,gt,0,W,9e-05,0.0,tiny
image_from_china-2772-_jpg.rf.42d8f41548969dcbe433418ff6ee875f.jpg,gt,0,W,9e-05,0.0,no_model_support
image_from_china-2772-_jpg.rf.42d8f41548969dcbe433418ff6ee875f.jpg,gt,1,WH,0.00242,0.595,tiny
image_from_china-2772-_jpg.rf.7be7db88b92d14328e4566ba960a7a4e.jpg,gt,0,W,9e-05,0.0,tiny
image_from_china-2772-_jpg.rf.7be7db88b92d14328e4566ba960a7a4e.jpg,gt,0,W,9e-05,0.0,no_model_support
image_from_china-2772-_jpg.rf.7be7db88b92d14328e4566ba960a7a4e.jpg,gt,1,WH,0.00242,0.649,tiny
image_from_china-2772-_jpg.rf.c85060430d4355305adf651e0c977cdd.jpg,gt,0,W,9e-05,0.0,tiny
image_from_china-2772-_jpg.rf.c85060430d4355305adf651e0c977cdd.jpg,gt,0,W,9e-05,0.0,no_model_support
image_from_china-2772-_jpg.rf.c85060430d4355305adf651e0c977cdd.jpg,gt,1,WH,0.00242,0.586,tiny
image_from_china-279-_jpg.rf.0087d9664715425093c13825bfcaabbd.jpg,gt,0,WH,0.00453,0.888,"class_disagree(gt=WH,pred=W)"
image_from_china-279-_jpg.rf.0087d9664715425093c13825bfcaabbd.jpg,gt,1,WH,0.00582,0.623,"class_disagree(gt=WH,pred=W)"
image_from_china-279-_jpg.rf.0087d9664715425093c13825bfcaabbd.jpg,gt,2,WH,0.01055,0.692,"class_disagree(gt=WH,pred=W)"
image_from_china-279-_jpg.rf.7c8c664779fd291c2d597416ce6ad68a.jpg,gt,0,WH,0.00453,0.832,"class_disagree(gt=WH,pred=W)"
image_from_china-279-_jpg.rf.7c8c664779fd291c2d597416ce6ad68a.jpg,gt,1,WH,0.00582,0.0,no_model_support
image_from_china-279-_jpg.rf.d8eda942d014ea29cb5ad77ef9e6cb3c.jpg,gt,0,WH,0.00453,0.83,"class_disagree(gt=WH,pred=W)"
image_from_china-279-_jpg.rf.d8eda942d014ea29cb5ad77ef9e6cb3c.jpg,gt,1,WH,0.00582,0.752,"class_disagree(gt=WH,pred=W)"
image_from_china-2857-_jpg.rf.2cbc332e5eeae545ddaba24675722e8a.jpg,gt,0,W,0.01753,0.786,edge
image_from_china-2857-_jpg.rf.2cbc332e5eeae545ddaba24675722e8a.jpg,gt,0,W,0.01753,0.786,aspect
image_from_china-2857-_jpg.rf.2cbc332e5eeae545ddaba24675722e8a.jpg,gt,0,W,0.01753,0.786,"class_disagree(gt=W,pred=WH)"
image_from_china-2857-_jpg.rf.5d1b9fdf83c7629cebbac3493fc3b716.jpg,gt,0,W,0.01753,0.939,edge
image_from_china-2857-_jpg.rf.5d1b9fdf83c7629cebbac3493fc3b716.jpg,gt,0,W,0.01753,0.939,aspect
image_from_china-2857-_jpg.rf.5d1b9fdf83c7629cebbac3493fc3b716.jpg,gt,0,W,0.01753,0.939,"class_disagree(gt=W,pred=WH)"
image_from_china-2857-_jpg.rf.5d1b9fdf83c7629cebbac3493fc3b716.jpg,gt,2,WH,0.06117,0.821,"class_disagree(gt=WH,pred=W)"
image_from_china-2857-_jpg.rf.f3ec854632fd6e07c5c030b600000feb.jpg,gt,0,W,0.01753,0.84,edge
image_from_china-2857-_jpg.rf.f3ec854632fd6e07c5c030b600000feb.jpg,gt,0,W,0.01753,0.84,aspect
image_from_china-2857-_jpg.rf.f3ec854632fd6e07c5c030b600000feb.jpg,gt,0,W,0.01753,0.84,"class_disagree(gt=W,pred=WH)"
image_from_china-2857-_jpg.rf.f3ec854632fd6e07c5c030b600000feb.jpg,gt,1,W,0.04349,0.564,"class_disagree(gt=W,pred=WH)"
image_from_china-2857-_jpg.rf.f3ec854632fd6e07c5c030b600000feb.jpg,gt,2,WH,0.06117,0.81,"class_disagree(gt=WH,pred=W)"
image_from_china-2857-_jpg.rf.f3ec854632fd6e07c5c030b600000feb.jpg,gt,3,WH,0.10954,0.648,"class_disagree(gt=WH,pred=W)"
image_from_china-2869-_jpg.rf.a27ecf93afa05ee10ca9bdd33c822e27.jpg,gt,0,WH,0.00073,0.0,tiny
image_from_china-2869-_jpg.rf.a27ecf93afa05ee10ca9bdd33c822e27.jpg,gt,0,WH,0.00073,0.0,no_model_support
image_from_china-2869-_jpg.rf.a27ecf93afa05ee10ca9bdd33c822e27.jpg,gt,1,WH,0.00029,0.241,tiny
image_from_china-2869-_jpg.rf.a27ecf93afa05ee10ca9bdd33c822e27.jpg,gt,2,WH,0.00071,0.64,tiny
image_from_china-2869-_jpg.rf.a27ecf93afa05ee10ca9bdd33c822e27.jpg,gt,2,WH,0.00071,0.64,"class_disagree(gt=WH,pred=W)"
image_from_china-2869-_jpg.rf.a27ecf93afa05ee10ca9bdd33c822e27.jpg,gt,3,WH,0.00105,0.0,tiny
image_from_china-2869-_jpg.rf.a27ecf93afa05ee10ca9bdd33c822e27.jpg,gt,3,WH,0.00105,0.0,no_model_support
image_from_china-2869-_jpg.rf.a27ecf93afa05ee10ca9bdd33c822e27.jpg,gt,4,WH,0.0017,0.0,tiny
image_from_china-2869-_jpg.rf.a27ecf93afa05ee10ca9bdd33c822e27.jpg,gt,4,WH,0.0017,0.0,no_model_support
image_from_china-2869-_jpg.rf.a27ecf93afa05ee10ca9bdd33c822e27.jpg,gt,5,WH,0.00229,0.0,tiny
image_from_china-2869-_jpg.rf.a27ecf93afa05ee10ca9bdd33c822e27.jpg,gt,5,WH,0.00229,0.0,no_model_support
image_from_china-2869-_jpg.rf.a27ecf93afa05ee10ca9bdd33c822e27.jpg,gt,6,WH,0.00117,0.0,tiny
image_from_china-2869-_jpg.rf.a27ecf93afa05ee10ca9bdd33c822e27.jpg,gt,6,WH,0.00117,0.0,no_model_support
image_from_china-2869-_jpg.rf.a27ecf93afa05ee10ca9bdd33c822e27.jpg,gt,7,WH,0.00129,0.155,tiny
image_from_china-2869-_jpg.rf.a27ecf93afa05ee10ca9bdd33c822e27.jpg,gt,7,WH,0.00129,0.155,no_model_support
image_from_china-289-_jpg.rf.36f97d66a02077d8f1638f082c9aac07.jpg,gt,0,W,0.00475,0.656,"class_disagree(gt=W,pred=WH)"
image_from_china-289-_jpg.rf.c893d069f43c4ad0cf4b21ebf1b99242.jpg,gt,0,W,0.00475,0.0,no_model_support
image_from_china-2893-_jpg.rf.2290124064722acdc3a113814593ae7e.jpg,gt,0,W,0.07337,0.57,"class_disagree(gt=W,pred=WH)"
image_from_china-2893-_jpg.rf.2290124064722acdc3a113814593ae7e.jpg,gt,2,W,0.01764,0.0,no_model_support
image_from_china-2893-_jpg.rf.4edb75f68866ff24b4069d44aa916281.jpg,gt,0,W,0.07337,0.512,"class_disagree(gt=W,pred=WH)"
image_from_china-2893-_jpg.rf.4edb75f68866ff24b4069d44aa916281.jpg,gt,1,W,0.01685,0.574,"class_disagree(gt=W,pred=WH)"
image_from_china-2893-_jpg.rf.4edb75f68866ff24b4069d44aa916281.jpg,gt,2,W,0.01764,0.669,"class_disagree(gt=W,pred=WH)"
image_from_china-2893-_jpg.rf.f6c37463acafe8201682415d982049f4.jpg,gt,0,W,0.07337,0.576,"class_disagree(gt=W,pred=WH)"
image_from_china-2893-_jpg.rf.f6c37463acafe8201682415d982049f4.jpg,gt,2,W,0.01764,0.622,"class_disagree(gt=W,pred=WH)"
image_from_china-2938-_jpg.rf.197d869dfc5412c3225631ca4fa229dc.jpg,gt,0,WH,0.05484,0.278,edge
image_from_china-2938-_jpg.rf.197d869dfc5412c3225631ca4fa229dc.jpg,gt,1,WH,0.04668,0.252,edge
image_from_china-2938-_jpg.rf.197d869dfc5412c3225631ca4fa229dc.jpg,gt,2,WH,0.10686,0.781,edge
image_from_china-2938-_jpg.rf.197d869dfc5412c3225631ca4fa229dc.jpg,gt,3,WH,0.14995,0.76,edge
image_from_china-2938-_jpg.rf.257ec7bd165e3b4cee3b3ace08a29360.jpg,gt,0,WH,0.05484,0.314,edge
image_from_china-2938-_jpg.rf.257ec7bd165e3b4cee3b3ace08a29360.jpg,gt,1,WH,0.04668,0.293,edge
image_from_china-2938-_jpg.rf.257ec7bd165e3b4cee3b3ace08a29360.jpg,gt,2,WH,0.10686,0.665,edge
image_from_china-2938-_jpg.rf.257ec7bd165e3b4cee3b3ace08a29360.jpg,gt,3,WH,0.14995,0.802,edge
image_from_china-2938-_jpg.rf.d176ee12dc07dfcb07074eb31a89cd52.jpg,gt,0,WH,0.05484,0.299,edge
image_from_china-2938-_jpg.rf.d176ee12dc07dfcb07074eb31a89cd52.jpg,gt,1,WH,0.04668,0.234,edge
image_from_china-2938-_jpg.rf.d176ee12dc07dfcb07074eb31a89cd52.jpg,gt,2,WH,0.10686,0.837,edge
image_from_china-2938-_jpg.rf.d176ee12dc07dfcb07074eb31a89cd52.jpg,gt,3,WH,0.14995,0.817,edge
image_from_china-2994-_jpg.rf.04bf9d8efe022107f61a8ebab6fd63d2.jpg,gt,1,WH,0.01405,0.606,edge
image_from_china-2994-_jpg.rf.04bf9d8efe022107f61a8ebab6fd63d2.jpg,gt,1,WH,0.01405,0.606,aspect
image_from_china-2994-_jpg.rf.41982d5136ba823ec614e9f23bb855ae.jpg,gt,0,WH,0.01814,0.504,"class_disagree(gt=WH,pred=W)"
image_from_china-2994-_jpg.rf.41982d5136ba823ec614e9f23bb855ae.jpg,gt,1,WH,0.01405,0.679,edge
image_from_china-2994-_jpg.rf.41982d5136ba823ec614e9f23bb855ae.jpg,gt,1,WH,0.01405,0.679,aspect
image_from_china-2994-_jpg.rf.41982d5136ba823ec614e9f23bb855ae.jpg,gt,2,WH,0.02784,0.802,"class_disagree(gt=WH,pred=W)"
image_from_china-2994-_jpg.rf.99f46928c06f48a5e0e1b660fac0a281.jpg,gt,1,WH,0.01405,0.381,edge
image_from_china-2994-_jpg.rf.99f46928c06f48a5e0e1b660fac0a281.jpg,gt,1,WH,0.01405,0.381,aspect
image_from_china-3040-_jpg.rf.73ef6bdf8f7a6eb78da2bd362345cbcf.jpg,gt,0,WH,0.03068,0.746,edge
image_from_china-3040-_jpg.rf.73ef6bdf8f7a6eb78da2bd362345cbcf.jpg,gt,1,WH,0.07779,0.861,edge
image_from_china-3040-_jpg.rf.7f7ecf7d10016364d96de9a0b8d9d191.jpg,gt,0,WH,0.03068,0.731,edge
image_from_china-3040-_jpg.rf.7f7ecf7d10016364d96de9a0b8d9d191.jpg,gt,1,WH,0.07779,0.759,edge
image_from_china-3040-_jpg.rf.f802598c72ea0c13aa7cb56b64059cf9.jpg,gt,0,WH,0.03068,0.656,edge
image_from_china-3040-_jpg.rf.f802598c72ea0c13aa7cb56b64059cf9.jpg,gt,1,WH,0.07779,0.783,edge
image_from_china-3127-_jpg.rf.4cf1e5a18d140904a431e6701c3be70b.jpg,gt,0,W,0.03509,0.424,edge
image_from_china-3127-_jpg.rf.574b00f2127f3b3a8cc7f8d64515fb23.jpg,gt,0,W,0.03509,0.372,edge
image_from_china-3127-_jpg.rf.c970d35d23d7b77e5a688148cbabb4b9.jpg,gt,0,W,0.03509,0.568,edge
image_from_china-3127-_jpg.rf.c970d35d23d7b77e5a688148cbabb4b9.jpg,gt,0,W,0.03509,0.568,"class_disagree(gt=W,pred=WH)"
image_from_china-3127-_jpg.rf.c970d35d23d7b77e5a688148cbabb4b9.jpg,gt,1,W,0.0447,0.672,"class_disagree(gt=W,pred=WH)"
image_from_china-321-_jpg.rf.b028a90cf24e6e643349f3eb8c025bf8.jpg,gt,2,W,0.01857,0.853,edge
image_from_china-321-_jpg.rf.b028a90cf24e6e643349f3eb8c025bf8.jpg,gt,3,W,0.00603,0.157,edge
image_from_china-321-_jpg.rf.b028a90cf24e6e643349f3eb8c025bf8.jpg,gt,3,W,0.00603,0.157,no_model_support
image_from_china-321-_jpg.rf.f49ca581255d94bad418c5737d4811b3.jpg,gt,2,W,0.01857,0.819,edge
image_from_china-321-_jpg.rf.f49ca581255d94bad418c5737d4811b3.jpg,gt,3,W,0.00603,0.703,edge
image_from_china-321-_jpg.rf.fdff68c714e241ada8d5c1e9a7cc7be5.jpg,gt,2,W,0.01857,0.882,edge
image_from_china-321-_jpg.rf.fdff68c714e241ada8d5c1e9a7cc7be5.jpg,gt,3,W,0.00603,0.634,edge
image_from_china-321-_jpg.rf.fdff68c714e241ada8d5c1e9a7cc7be5.jpg,gt,3,W,0.00603,0.634,"class_disagree(gt=W,pred=WH)"
image_from_china-3274-_jpg.rf.061676913057c56aa8ba47e65484af5c.jpg,gt,1,W,0.12792,0.868,edge
image_from_china-3274-_jpg.rf.061676913057c56aa8ba47e65484af5c.jpg,gt,1,W,0.12792,0.868,"class_disagree(gt=W,pred=WH)"
image_from_china-3274-_jpg.rf.061676913057c56aa8ba47e65484af5c.jpg,gt,2,W,0.0909,0.848,"class_disagree(gt=W,pred=WH)"
image_from_china-3274-_jpg.rf.20e24276e65dd3c79484be38aff5a1ec.jpg,gt,1,W,0.12792,0.895,edge
image_from_china-3274-_jpg.rf.5aded9bc6385f16c4494c8f2fb20b8c9.jpg,gt,1,W,0.12792,0.914,edge
image_from_china-3277-_jpg.rf.6042f6040a07bc246b5b40e9ecb754ad.jpg,gt,2,W,0.17507,0.85,edge
image_from_china-3277-_jpg.rf.8c21297156e7f5dc4155f5f9e00cf1be.jpg,gt,0,W,0.01383,0.068,no_model_support
image_from_china-3277-_jpg.rf.8c21297156e7f5dc4155f5f9e00cf1be.jpg,gt,2,W,0.17507,0.84,edge
image_from_china-3277-_jpg.rf.8c21297156e7f5dc4155f5f9e00cf1be.jpg,gt,2,W,0.17507,0.84,"class_disagree(gt=W,pred=WH)"
image_from_china-3277-_jpg.rf.d31a7d70cd0333211c8dd1908ee6f538.jpg,gt,0,W,0.01383,0.069,no_model_support
image_from_china-3277-_jpg.rf.d31a7d70cd0333211c8dd1908ee6f538.jpg,gt,2,W,0.17507,0.844,edge
image_from_china-3277-_jpg.rf.d31a7d70cd0333211c8dd1908ee6f538.jpg,gt,2,W,0.17507,0.844,"class_disagree(gt=W,pred=WH)"
image_from_china-3277-_jpg.rf.d31a7d70cd0333211c8dd1908ee6f538.jpg,gt,3,W,0.09602,0.842,"class_disagree(gt=W,pred=WH)"
image_from_china-3278-_jpg.rf.6d4e7fcd9e0a7a7604d617a816ece051.jpg,gt,0,W,0.30256,0.808,edge
image_from_china-3278-_jpg.rf.6d4e7fcd9e0a7a7604d617a816ece051.jpg,gt,2,W,0.11988,0.813,edge
image_from_china-3278-_jpg.rf.6d4e7fcd9e0a7a7604d617a816ece051.jpg,gt,3,W,0.06944,0.746,edge
image_from_china-3278-_jpg.rf.71c34225abbac03bb4dda09733c7d8f8.jpg,gt,0,W,0.30256,0.836,edge
image_from_china-3278-_jpg.rf.71c34225abbac03bb4dda09733c7d8f8.jpg,gt,0,W,0.30256,0.836,"class_disagree(gt=W,pred=WH)"
image_from_china-3278-_jpg.rf.71c34225abbac03bb4dda09733c7d8f8.jpg,gt,2,W,0.11988,0.755,edge
image_from_china-3278-_jpg.rf.71c34225abbac03bb4dda09733c7d8f8.jpg,gt,2,W,0.11988,0.755,"class_disagree(gt=W,pred=WH)"
image_from_china-3278-_jpg.rf.71c34225abbac03bb4dda09733c7d8f8.jpg,gt,3,W,0.06944,0.782,edge
image_from_china-3278-_jpg.rf.f879c2f38014b3a6b28e1330414cbf94.jpg,gt,0,W,0.30256,0.783,edge
image_from_china-3278-_jpg.rf.f879c2f38014b3a6b28e1330414cbf94.jpg,gt,2,W,0.11988,0.494,edge
image_from_china-3278-_jpg.rf.f879c2f38014b3a6b28e1330414cbf94.jpg,gt,3,W,0.06944,0.471,edge
image_from_china-3281-_jpg.rf.960a3eda96710f45dbf6bcb24c3fe616.jpg,gt,0,W,0.0052,0.067,no_model_support
image_from_china-3281-_jpg.rf.960a3eda96710f45dbf6bcb24c3fe616.jpg,gt,1,W,0.25614,0.891,edge
image_from_china-3281-_jpg.rf.960a3eda96710f45dbf6bcb24c3fe616.jpg,gt,3,W,0.10447,0.766,edge
image_from_china-3281-_jpg.rf.a69747bd2e9da4c6ea03e56314c07215.jpg,gt,0,W,0.0052,0.066,no_model_support
image_from_china-3281-_jpg.rf.a69747bd2e9da4c6ea03e56314c07215.jpg,gt,1,W,0.25614,0.887,edge
image_from_china-3281-_jpg.rf.a69747bd2e9da4c6ea03e56314c07215.jpg,gt,3,W,0.10447,0.743,edge
image_from_china-3281-_jpg.rf.cdb21c9f83e78cfaaa28dfeb4fdfa5f2.jpg,gt,0,W,0.0052,0.121,no_model_support
image_from_china-3281-_jpg.rf.cdb21c9f83e78cfaaa28dfeb4fdfa5f2.jpg,gt,1,W,0.25614,0.889,edge
image_from_china-3281-_jpg.rf.cdb21c9f83e78cfaaa28dfeb4fdfa5f2.jpg,gt,3,W,0.10447,0.761,edge
image_from_china-341-_jpg.rf.d3b19ede6a8dd5498fcb8fca78d09103.jpg,gt,0,W,0.00921,0.779,edge
image_from_china-341-_jpg.rf.d3b19ede6a8dd5498fcb8fca78d09103.jpg,gt,4,W,0.06368,0.87,edge
image_from_china-341-_jpg.rf.d3b19ede6a8dd5498fcb8fca78d09103.jpg,gt,6,W,0.10219,0.908,edge
image_from_china-3519-_jpg.rf.34daf96a8e0bf8292a4c1d9a84a89601.jpg,gt,0,W,0.00777,0.695,"class_disagree(gt=W,pred=WH)"
image_from_china-3519-_jpg.rf.34daf96a8e0bf8292a4c1d9a84a89601.jpg,gt,1,W,0.00693,0.695,"class_disagree(gt=W,pred=WH)"
image_from_china-3519-_jpg.rf.34daf96a8e0bf8292a4c1d9a84a89601.jpg,gt,2,W,0.00834,0.708,"class_disagree(gt=W,pred=WH)"
image_from_china-3519-_jpg.rf.e01cfb6fe9fa7be47b8e70a3a464a50e.jpg,gt,0,W,0.00777,0.886,"class_disagree(gt=W,pred=WH)"
image_from_china-3519-_jpg.rf.e01cfb6fe9fa7be47b8e70a3a464a50e.jpg,gt,1,W,0.00693,0.808,"class_disagree(gt=W,pred=WH)"
image_from_china-3519-_jpg.rf.e01cfb6fe9fa7be47b8e70a3a464a50e.jpg,gt,2,W,0.00834,0.799,"class_disagree(gt=W,pred=WH)"
image_from_china-3519-_jpg.rf.e01cfb6fe9fa7be47b8e70a3a464a50e.jpg,pred,-1,WH,,0.694,unlabeled_pred
image_from_china-3519-_jpg.rf.f8f0770e7bb12369fbd5c46a8eea4912.jpg,gt,0,W,0.00777,0.861,"class_disagree(gt=W,pred=WH)"
image_from_china-3519-_jpg.rf.f8f0770e7bb12369fbd5c46a8eea4912.jpg,gt,1,W,0.00693,0.762,"class_disagree(gt=W,pred=WH)"
image_from_china-3519-_jpg.rf.f8f0770e7bb12369fbd5c46a8eea4912.jpg,gt,2,W,0.00834,0.811,"class_disagree(gt=W,pred=WH)"
image_from_china-3519-_jpg.rf.f8f0770e7bb12369fbd5c46a8eea4912.jpg,pred,-1,WH,,0.721,unlabeled_pred
image_from_china-356-_jpg.rf.27e62efac82e88e5abe4b318613b84be.jpg,gt,2,WH,0.02505,0.0,no_model_support
image_from_china-356-_jpg.rf.f502dabd00558252fcd7c94c80999ae8.jpg,gt,2,WH,0.02505,0.0,no_model_support
image_from_china-356-_jpg.rf.f502dabd00558252fcd7c94c80999ae8.jpg,pred,-1,WH,,0.823,unlabeled_pred
image_from_china-3733-_jpg.rf.9a8222c28e364925a7907d4f75537c0b.jpg,gt,1,WH,0.01481,0.781,edge
image_from_china-3733-_jpg.rf.9a8222c28e364925a7907d4f75537c0b.jpg,gt,1,WH,0.01481,0.781,aspect
image_from_china-3733-_jpg.rf.9fa3f833f572e2931ef5d46cb5bc2675.jpg,gt,1,WH,0.01481,0.78,edge
image_from_china-3733-_jpg.rf.9fa3f833f572e2931ef5d46cb5bc2675.jpg,gt,1,WH,0.01481,0.78,aspect
image_from_china-3733-_jpg.rf.ca096a385e05c1b0bfd7422e0fa8eb36.jpg,gt,1,WH,0.01481,0.72,edge
image_from_china-3733-_jpg.rf.ca096a385e05c1b0bfd7422e0fa8eb36.jpg,gt,1,WH,0.01481,0.72,aspect
image_from_china-3909-_jpg.rf.ab215f43ea56f2577b9ada0e1b5390ce.jpg,gt,0,W,0.00609,0.0,no_model_support
image_from_china-3909-_jpg.rf.ab215f43ea56f2577b9ada0e1b5390ce.jpg,gt,1,WH,0.00748,0.0,no_model_support
image_from_china-3909-_jpg.rf.b04b551457e8c8a28da114e26020f695.jpg,gt,0,W,0.00609,0.0,no_model_support
image_from_china-3909-_jpg.rf.b04b551457e8c8a28da114e26020f695.jpg,gt,1,WH,0.00748,0.0,no_model_support
image_from_china-3909-_jpg.rf.c8c99a4680a906d6764d5d610eabc67e.jpg,gt,0,W,0.00609,0.0,no_model_support
image_from_china-3948-_jpg.rf.6aad159940546414d4d622b7ac692f85.jpg,gt,0,W,0.00607,0.609,"class_disagree(gt=W,pred=WH)"
image_from_china-3948-_jpg.rf.6aad159940546414d4d622b7ac692f85.jpg,gt,1,W,0.009,0.512,"class_disagree(gt=W,pred=WH)"
image_from_china-3948-_jpg.rf.fc89d221480d8539e7712c912c673041.jpg,gt,0,W,0.00607,0.709,"class_disagree(gt=W,pred=WH)"
image_from_china-3948-_jpg.rf.fc89d221480d8539e7712c912c673041.jpg,gt,1,W,0.009,0.529,"class_disagree(gt=W,pred=WH)"
image_from_china-397-_jpg.rf.5b091a5501645d39e2e7add958bbde18.jpg,gt,0,WH,0.02193,0.76,edge
image_from_china-397-_jpg.rf.5b091a5501645d39e2e7add958bbde18.jpg,gt,1,W,0.01238,0.0,edge
image_from_china-397-_jpg.rf.5b091a5501645d39e2e7add958bbde18.jpg,gt,1,W,0.01238,0.0,no_model_support
image_from_china-397-_jpg.rf.5b091a5501645d39e2e7add958bbde18.jpg,gt,2,W,0.02174,0.0,edge
image_from_china-397-_jpg.rf.5b091a5501645d39e2e7add958bbde18.jpg,gt,2,W,0.02174,0.0,no_model_support
image_from_china-397-_jpg.rf.6b2a7366d8a3c0e8fb8e7a87ca4afae0.jpg,gt,0,WH,0.02184,0.885,edge
image_from_china-397-_jpg.rf.6b2a7366d8a3c0e8fb8e7a87ca4afae0.jpg,gt,0,WH,0.02184,0.885,"class_disagree(gt=WH,pred=W)"
image_from_china-397-_jpg.rf.6b2a7366d8a3c0e8fb8e7a87ca4afae0.jpg,gt,1,W,0.01276,0.971,edge
image_from_china-397-_jpg.rf.6b2a7366d8a3c0e8fb8e7a87ca4afae0.jpg,gt,1,W,0.01276,0.971,"class_disagree(gt=W,pred=WH)"
image_from_china-397-_jpg.rf.6b2a7366d8a3c0e8fb8e7a87ca4afae0.jpg,gt,2,W,0.02149,0.694,edge
image_from_china-397-_jpg.rf.6b2a7366d8a3c0e8fb8e7a87ca4afae0.jpg,gt,2,W,0.02149,0.694,"class_disagree(gt=W,pred=WH)"
image_from_china-397-_jpg.rf.6bff7b7b7e69513feee61edb18587389.jpg,gt,0,WH,0.02184,0.913,edge
image_from_china-397-_jpg.rf.6bff7b7b7e69513feee61edb18587389.jpg,gt,0,WH,0.02184,0.913,"class_disagree(gt=WH,pred=W)"
image_from_china-397-_jpg.rf.6bff7b7b7e69513feee61edb18587389.jpg,gt,1,W,0.01276,0.68,edge
image_from_china-397-_jpg.rf.6bff7b7b7e69513feee61edb18587389.jpg,gt,1,W,0.01276,0.68,"class_disagree(gt=W,pred=WH)"
image_from_china-397-_jpg.rf.6bff7b7b7e69513feee61edb18587389.jpg,gt,2,W,0.02149,0.65,edge
image_from_china-397-_jpg.rf.6bff7b7b7e69513feee61edb18587389.jpg,gt,2,W,0.02149,0.65,"class_disagree(gt=W,pred=WH)"
image_from_china-4005-_jpg.rf.9d9af641e7efe1353cf1f7521004b7cb.jpg,gt,0,W,0.09888,0.314,edge
image_from_china-4005-_jpg.rf.9d9af641e7efe1353cf1f7521004b7cb.jpg,gt,1,W,0.11295,0.476,edge
image_from_china-4005-_jpg.rf.bf2c792f1024c4de7017c48d9587e6b0.jpg,gt,0,W,0.09942,0.142,edge
image_from_china-4005-_jpg.rf.bf2c792f1024c4de7017c48d9587e6b0.jpg,gt,0,W,0.09942,0.142,no_model_support
image_from_china-4005-_jpg.rf.bf2c792f1024c4de7017c48d9587e6b0.jpg,gt,1,W,0.11295,0.502,edge
image_from_china-4005-_jpg.rf.c071301fffdfaae7ba428ca76707e71d.jpg,gt,0,W,0.09942,0.42,edge
image_from_china-4005-_jpg.rf.c071301fffdfaae7ba428ca76707e71d.jpg,gt,1,W,0.11295,0.426,edge
image_from_china-4116-_jpg.rf.0e35cefa07b36174871a9ec7c92e52a6.jpg,gt,0,W,0.00429,0.0,no_model_support
image_from_china-4116-_jpg.rf.0e35cefa07b36174871a9ec7c92e52a6.jpg,gt,1,WH,0.01399,0.0,no_model_support
image_from_china-4116-_jpg.rf.0e35cefa07b36174871a9ec7c92e52a6.jpg,gt,2,WH,0.01919,0.0,no_model_support
image_from_china-4116-_jpg.rf.d94428e45cbe42cb2e4d775af44627e3.jpg,gt,0,W,0.00429,0.0,no_model_support
image_from_china-4116-_jpg.rf.d94428e45cbe42cb2e4d775af44627e3.jpg,gt,1,WH,0.01399,0.0,no_model_support
image_from_china-4116-_jpg.rf.d94428e45cbe42cb2e4d775af44627e3.jpg,gt,2,WH,0.01919,0.0,no_model_support
image_from_china-4218-_jpg.rf.781d7e86aa6d63cd213dc62e3d31681e.jpg,gt,0,WH,0.00099,0.474,tiny
image_from_china-4218-_jpg.rf.781d7e86aa6d63cd213dc62e3d31681e.jpg,gt,1,WH,0.00192,0.0,tiny
image_from_china-4218-_jpg.rf.781d7e86aa6d63cd213dc62e3d31681e.jpg,gt,1,WH,0.00192,0.0,no_model_support
image_from_china-4218-_jpg.rf.7f3cccfee15f50569b98505e83000850.jpg,gt,0,WH,0.00099,0.319,tiny
image_from_china-4218-_jpg.rf.7f3cccfee15f50569b98505e83000850.jpg,gt,1,WH,0.00192,0.0,tiny
image_from_china-4218-_jpg.rf.7f3cccfee15f50569b98505e83000850.jpg,gt,1,WH,0.00192,0.0,no_model_support
image_from_china-4218-_jpg.rf.c1784caa99a939b96a7b810f8b7c0dd6.jpg,gt,0,WH,0.00099,0.252,tiny
image_from_china-4218-_jpg.rf.c1784caa99a939b96a7b810f8b7c0dd6.jpg,gt,1,WH,0.00192,0.623,tiny
image_from_china-4232-_jpg.rf.018fe63ecb933b1f52965d9669d55042.jpg,gt,0,WH,0.0024,0.771,tiny
image_from_china-4232-_jpg.rf.a3461a195c6c34eb239fc3d811ab898e.jpg,gt,0,WH,0.0024,0.0,tiny
image_from_china-4232-_jpg.rf.a3461a195c6c34eb239fc3d811ab898e.jpg,gt,0,WH,0.0024,0.0,no_model_support
image_from_china-4232-_jpg.rf.fee12836f0f06fc1eda3b2283886fc7e.jpg,gt,0,WH,0.0024,0.831,tiny
image_from_china-4235-_jpg.rf.a2008a18c972aaff3d3a7b93507fc45d.jpg,gt,0,WH,0.0102,0.806,edge
image_from_china-4235-_jpg.rf.a2008a18c972aaff3d3a7b93507fc45d.jpg,gt,0,WH,0.0102,0.806,aspect
image_from_china-4235-_jpg.rf.a2008a18c972aaff3d3a7b93507fc45d.jpg,gt,2,WH,0.00291,0.616,tiny
image_from_china-4235-_jpg.rf.a2008a18c972aaff3d3a7b93507fc45d.jpg,gt,3,WH,0.00448,0.859,"class_disagree(gt=WH,pred=WHV)"
image_from_china-4235-_jpg.rf.a2008a18c972aaff3d3a7b93507fc45d.jpg,gt,4,WH,0.00677,0.767,"class_disagree(gt=WH,pred=WHV)"
image_from_china-428-_jpg.rf.9019fadfb3186605fc4d87a70b990fc5.jpg,gt,0,WH,0.00385,0.539,aspect
image_from_china-428-_jpg.rf.9019fadfb3186605fc4d87a70b990fc5.jpg,gt,1,W,0.0059,0.588,aspect
image_from_china-428-_jpg.rf.9019fadfb3186605fc4d87a70b990fc5.jpg,gt,1,W,0.0059,0.588,"class_disagree(gt=W,pred=WH)"
image_from_china-428-_jpg.rf.9019fadfb3186605fc4d87a70b990fc5.jpg,gt,2,WH,0.00573,0.61,aspect
image_from_china-428-_jpg.rf.e02ee08c8c112583a6db3232ab9cf522.jpg,gt,0,WH,0.00385,0.379,aspect
image_from_china-428-_jpg.rf.e02ee08c8c112583a6db3232ab9cf522.jpg,gt,1,W,0.0059,0.568,aspect
image_from_china-428-_jpg.rf.e02ee08c8c112583a6db3232ab9cf522.jpg,gt,1,W,0.0059,0.568,"class_disagree(gt=W,pred=WH)"
image_from_china-428-_jpg.rf.e02ee08c8c112583a6db3232ab9cf522.jpg,gt,2,WH,0.00573,0.518,aspect
image_from_china-428-_jpg.rf.e76b8b9d1940878615b18813edc1aecb.jpg,gt,0,WH,0.00385,0.245,aspect
image_from_china-428-_jpg.rf.e76b8b9d1940878615b18813edc1aecb.jpg,gt,1,W,0.0059,0.375,aspect
image_from_china-428-_jpg.rf.e76b8b9d1940878615b18813edc1aecb.jpg,gt,2,WH,0.00573,0.365,aspect
image_from_china-4285-_jpg.rf.94bc8d9cacabbf99c622e64a2861f7ad.jpg,gt,0,WH,0.00727,0.0,no_model_support
image_from_china-4285-_jpg.rf.94bc8d9cacabbf99c622e64a2861f7ad.jpg,gt,1,WH,0.00511,0.199,no_model_support
image_from_china-4285-_jpg.rf.acce91bda0f9d62ed5230d9ee07cf078.jpg,gt,1,WH,0.00511,0.0,no_model_support
image_from_china-4286-_jpg.rf.0a6406c02485052cae7b935b49626be3.jpg,gt,0,W,0.05003,0.712,edge
image_from_china-4286-_jpg.rf.0a6406c02485052cae7b935b49626be3.jpg,gt,1,W,0.24464,0.628,edge
image_from_china-4286-_jpg.rf.0a6406c02485052cae7b935b49626be3.jpg,gt,2,W,0.01965,0.69,edge
image_from_china-4286-_jpg.rf.0a6406c02485052cae7b935b49626be3.jpg,gt,2,W,0.01965,0.69,"class_disagree(gt=W,pred=WH)"
image_from_china-4286-_jpg.rf.586d18ab6e7fde02a3b4514c9872db40.jpg,gt,0,W,0.05027,0.71,edge
image_from_china-4286-_jpg.rf.586d18ab6e7fde02a3b4514c9872db40.jpg,gt,1,W,0.24528,0.559,edge
image_from_china-4286-_jpg.rf.586d18ab6e7fde02a3b4514c9872db40.jpg,gt,2,W,0.01975,0.851,edge
image_from_china-4286-_jpg.rf.586d18ab6e7fde02a3b4514c9872db40.jpg,gt,2,W,0.01975,0.851,"class_disagree(gt=W,pred=WH)"
image_from_china-4286-_jpg.rf.ce9a377c4e5e24e3d220c390afe8c5a6.jpg,gt,0,W,0.05027,0.753,edge
image_from_china-4286-_jpg.rf.ce9a377c4e5e24e3d220c390afe8c5a6.jpg,gt,1,W,0.24528,0.54,edge
image_from_china-4286-_jpg.rf.ce9a377c4e5e24e3d220c390afe8c5a6.jpg,gt,2,W,0.01975,0.879,edge
image_from_china-433-_jpg.rf.0b8f31f32bf00dbf5148ab07f969a0b4.jpg,gt,2,W,0.00393,0.577,edge
image_from_china-433-_jpg.rf.0b8f31f32bf00dbf5148ab07f969a0b4.jpg,gt,2,W,0.00393,0.577,"class_disagree(gt=W,pred=WH)"
image_from_china-433-_jpg.rf.730ca167e6aa33233b9585f05189e38e.jpg,gt,1,WH,0.013,0.829,"class_disagree(gt=WH,pred=W)"
image_from_china-433-_jpg.rf.730ca167e6aa33233b9585f05189e38e.jpg,gt,2,W,0.00393,0.437,edge
image_from_china-433-_jpg.rf.a45a211ebc07e3c819d6846aeeec1cd8.jpg,gt,0,WH,0.00741,0.855,"class_disagree(gt=WH,pred=W)"
image_from_china-433-_jpg.rf.a45a211ebc07e3c819d6846aeeec1cd8.jpg,gt,2,W,0.004,0.575,edge
image_from_china-4374-_jpg.rf.6ad618bf3ae300645236dbeaa39dc7d5.jpg,gt,0,WH,0.09237,0.753,edge
image_from_china-4374-_jpg.rf.6ad618bf3ae300645236dbeaa39dc7d5.jpg,gt,1,WH,0.13114,0.852,edge
image_from_china-4374-_jpg.rf.6b9c27612031ab9f20544012b367c0dd.jpg,gt,0,WH,0.09237,0.811,edge
image_from_china-4374-_jpg.rf.6b9c27612031ab9f20544012b367c0dd.jpg,gt,1,WH,0.13114,0.883,edge
image_from_china-4374-_jpg.rf.802bed7832a734cc31ce804c00c506c9.jpg,gt,0,WH,0.09237,0.691,edge
image_from_china-4374-_jpg.rf.802bed7832a734cc31ce804c00c506c9.jpg,gt,1,WH,0.13114,0.831,edge
image_from_china-4402-_jpg.rf.13f2e57969cc4c94dbc2680650704a96.jpg,gt,0,WHV,0.00267,0.269,tiny
image_from_china-4402-_jpg.rf.13f2e57969cc4c94dbc2680650704a96.jpg,gt,2,WHV,0.03296,0.819,"class_disagree(gt=WHV,pred=WH)"
image_from_china-4402-_jpg.rf.40b0dfaa740c3cafa8bdfd60c0bebb32.jpg,gt,0,WHV,0.00267,0.061,tiny
image_from_china-4402-_jpg.rf.40b0dfaa740c3cafa8bdfd60c0bebb32.jpg,gt,0,WHV,0.00267,0.061,no_model_support
image_from_china-4402-_jpg.rf.40b0dfaa740c3cafa8bdfd60c0bebb32.jpg,gt,1,WHV,0.01739,0.689,"class_disagree(gt=WHV,pred=WH)"
image_from_china-4402-_jpg.rf.e6f1df99b49e49089dff038b2f21aa22.jpg,gt,0,WHV,0.00267,0.071,tiny
image_from_china-4402-_jpg.rf.e6f1df99b49e49089dff038b2f21aa22.jpg,gt,0,WHV,0.00267,0.071,no_model_support
image_from_china-4422-_jpg.rf.8fab7ea350b4a8b54710aedec38f0f86.jpg,gt,1,WH,0.00395,0.057,no_model_support
image_from_china-4422-_jpg.rf.8fab7ea350b4a8b54710aedec38f0f86.jpg,gt,2,W,0.03221,0.674,aspect
image_from_china-4422-_jpg.rf.8fab7ea350b4a8b54710aedec38f0f86.jpg,gt,3,WH,0.02313,0.819,aspect
image_from_china-4422-_jpg.rf.8fab7ea350b4a8b54710aedec38f0f86.jpg,gt,3,WH,0.02313,0.819,"class_disagree(gt=WH,pred=W)"
image_from_china-4422-_jpg.rf.8fab7ea350b4a8b54710aedec38f0f86.jpg,gt,4,W,0.02246,0.733,"class_disagree(gt=W,pred=WH)"
image_from_china-4422-_jpg.rf.8fab7ea350b4a8b54710aedec38f0f86.jpg,gt,5,WH,0.04719,0.847,"class_disagree(gt=WH,pred=W)"
image_from_china-4422-_jpg.rf.8fab7ea350b4a8b54710aedec38f0f86.jpg,gt,6,WH,0.05735,0.857,"class_disagree(gt=WH,pred=W)"
image_from_china-4422-_jpg.rf.8fab7ea350b4a8b54710aedec38f0f86.jpg,gt,7,W,0.03474,0.427,aspect
image_from_china-4422-_jpg.rf.8fab7ea350b4a8b54710aedec38f0f86.jpg,gt,8,WH,0.05617,0.931,aspect
image_from_china-4422-_jpg.rf.8fab7ea350b4a8b54710aedec38f0f86.jpg,gt,8,WH,0.05617,0.931,"class_disagree(gt=WH,pred=W)"
image_from_china-4422-_jpg.rf.8fab7ea350b4a8b54710aedec38f0f86.jpg,gt,9,WH,0.0206,0.295,aspect
image_from_china-4422-_jpg.rf.8fab7ea350b4a8b54710aedec38f0f86.jpg,gt,10,WHV,0.04176,0.567,aspect
image_from_china-4422-_jpg.rf.8fab7ea350b4a8b54710aedec38f0f86.jpg,gt,10,WHV,0.04176,0.567,"class_disagree(gt=WHV,pred=W)"
image_from_china-4422-_jpg.rf.8fab7ea350b4a8b54710aedec38f0f86.jpg,gt,11,W,0.0613,0.755,aspect
image_from_china-4469-_jpg.rf.ce3163233004e7e6034d84bec0db3b96.jpg,gt,1,WHV,0.00458,0.567,"class_disagree(gt=WHV,pred=WH)"
image_from_china-4469-_jpg.rf.ce3163233004e7e6034d84bec0db3b96.jpg,gt,2,WHV,0.00832,0.589,"class_disagree(gt=WHV,pred=WH)"
image_from_china-4469-_jpg.rf.ce3163233004e7e6034d84bec0db3b96.jpg,gt,4,WH,0.0089,0.616,edge
image_from_china-464-_jpg.rf.1e9d36d4621711b61389955797ebfc9f.jpg,gt,0,WH,0.00156,0.658,tiny
image_from_china-464-_jpg.rf.1e9d36d4621711b61389955797ebfc9f.jpg,gt,1,WH,0.00137,0.698,tiny
image_from_china-464-_jpg.rf.1e9d36d4621711b61389955797ebfc9f.jpg,gt,1,WH,0.00137,0.698,aspect
image_from_china-464-_jpg.rf.1e9d36d4621711b61389955797ebfc9f.jpg,gt,1,WH,0.00137,0.698,"class_disagree(gt=WH,pred=W)"
image_from_china-464-_jpg.rf.1e9d36d4621711b61389955797ebfc9f.jpg,gt,2,W,0.00226,0.761,tiny
image_from_china-464-_jpg.rf.1e9d36d4621711b61389955797ebfc9f.jpg,gt,2,W,0.00226,0.761,aspect
image_from_china-464-_jpg.rf.45003af973989dd7800e12a5157e5580.jpg,gt,0,WH,0.00156,0.698,tiny
image_from_china-464-_jpg.rf.45003af973989dd7800e12a5157e5580.jpg,gt,1,WH,0.00137,0.606,tiny
image_from_china-464-_jpg.rf.45003af973989dd7800e12a5157e5580.jpg,gt,1,WH,0.00137,0.606,aspect
image_from_china-464-_jpg.rf.45003af973989dd7800e12a5157e5580.jpg,gt,1,WH,0.00137,0.606,"class_disagree(gt=WH,pred=W)"
image_from_china-464-_jpg.rf.45003af973989dd7800e12a5157e5580.jpg,gt,2,W,0.00226,0.772,tiny
image_from_china-464-_jpg.rf.45003af973989dd7800e12a5157e5580.jpg,gt,2,W,0.00226,0.772,aspect
image_from_china-464-_jpg.rf.45003af973989dd7800e12a5157e5580.jpg,gt,3,WH,0.01436,0.708,"class_disagree(gt=WH,pred=W)"
image_from_china-464-_jpg.rf.7d414d8529999734b06fc71c8972cdaf.jpg,gt,0,WH,0.00156,0.616,tiny
image_from_china-464-_jpg.rf.7d414d8529999734b06fc71c8972cdaf.jpg,gt,0,WH,0.00156,0.616,"class_disagree(gt=WH,pred=W)"
image_from_china-464-_jpg.rf.7d414d8529999734b06fc71c8972cdaf.jpg,gt,1,WH,0.00137,0.511,tiny
image_from_china-464-_jpg.rf.7d414d8529999734b06fc71c8972cdaf.jpg,gt,1,WH,0.00137,0.511,aspect
image_from_china-464-_jpg.rf.7d414d8529999734b06fc71c8972cdaf.jpg,gt,1,WH,0.00137,0.511,"class_disagree(gt=WH,pred=W)"
image_from_china-464-_jpg.rf.7d414d8529999734b06fc71c8972cdaf.jpg,gt,2,W,0.00226,0.802,tiny
image_from_china-464-_jpg.rf.7d414d8529999734b06fc71c8972cdaf.jpg,gt,2,W,0.00226,0.802,aspect
image_from_china-464-_jpg.rf.7d414d8529999734b06fc71c8972cdaf.jpg,gt,4,W,0.01189,0.0,no_model_support
image_from_china-551-_jpg.rf.0b299f0a6a08b9c48fee89a37de99541.jpg,gt,0,W,0.07997,0.852,edge
image_from_china-551-_jpg.rf.0b299f0a6a08b9c48fee89a37de99541.jpg,gt,0,W,0.07997,0.852,"class_disagree(gt=W,pred=WH)"
image_from_china-551-_jpg.rf.0b299f0a6a08b9c48fee89a37de99541.jpg,gt,1,W,0.14979,0.681,edge
image_from_china-551-_jpg.rf.0b299f0a6a08b9c48fee89a37de99541.jpg,gt,1,W,0.14979,0.681,"class_disagree(gt=W,pred=WH)"
image_from_china-551-_jpg.rf.0b299f0a6a08b9c48fee89a37de99541.jpg,gt,2,W,0.16485,0.602,edge
image_from_china-551-_jpg.rf.58e499feba66c04bd8607216d3942ba3.jpg,gt,0,W,0.07997,0.875,edge
image_from_china-551-_jpg.rf.58e499feba66c04bd8607216d3942ba3.jpg,gt,0,W,0.07997,0.875,"class_disagree(gt=W,pred=WH)"
image_from_china-551-_jpg.rf.58e499feba66c04bd8607216d3942ba3.jpg,gt,1,W,0.14979,0.667,edge
image_from_china-551-_jpg.rf.58e499feba66c04bd8607216d3942ba3.jpg,gt,1,W,0.14979,0.667,"class_disagree(gt=W,pred=WH)"
image_from_china-551-_jpg.rf.58e499feba66c04bd8607216d3942ba3.jpg,gt,2,W,0.16485,0.648,edge
image_from_china-551-_jpg.rf.91161d457379d36db6b36714592f2b74.jpg,gt,0,W,0.07993,0.787,edge
image_from_china-551-_jpg.rf.91161d457379d36db6b36714592f2b74.jpg,gt,1,W,0.14979,0.63,edge
image_from_china-551-_jpg.rf.91161d457379d36db6b36714592f2b74.jpg,gt,2,W,0.16485,0.559,edge
image_from_china-551-_jpg.rf.91161d457379d36db6b36714592f2b74.jpg,gt,2,W,0.16485,0.559,"class_disagree(gt=W,pred=WH)"
image_from_china-576-_jpg.rf.455313a08d4c53d487ede9b977c27ae2.jpg,gt,0,W,0.06198,0.838,"class_disagree(gt=W,pred=WH)"
image_from_china-576-_jpg.rf.455313a08d4c53d487ede9b977c27ae2.jpg,gt,2,W,0.50689,0.539,edge
image_from_china-576-_jpg.rf.455313a08d4c53d487ede9b977c27ae2.jpg,gt,2,W,0.50689,0.539,"class_disagree(gt=W,pred=WH)"
image_from_china-576-_jpg.rf.6b9102e001bee350aa07954a9f97e201.jpg,gt,2,W,0.50689,0.967,edge
image_from_china-576-_jpg.rf.a24c5e4193289f20b14da1f68a6daf60.jpg,gt,2,W,0.50689,0.972,edge
image_from_china-576-_jpg.rf.a24c5e4193289f20b14da1f68a6daf60.jpg,gt,2,W,0.50689,0.972,"class_disagree(gt=W,pred=WH)"
image_from_china-586-_jpg.rf.5a7b714810380bc1bb012f8aadc26930.jpg,gt,0,WH,0.0017,0.063,tiny
image_from_china-586-_jpg.rf.5a7b714810380bc1bb012f8aadc26930.jpg,gt,0,WH,0.0017,0.063,no_model_support
image_from_china-586-_jpg.rf.5a7b714810380bc1bb012f8aadc26930.jpg,gt,1,WH,0.03269,0.838,"class_disagree(gt=WH,pred=W)"
image_from_china-586-_jpg.rf.5a7b714810380bc1bb012f8aadc26930.jpg,gt,2,W,0.04056,0.695,edge
image_from_china-586-_jpg.rf.7e2d6f73a61d27ef45773b2e27d0a953.jpg,gt,0,WH,0.0017,0.183,tiny
image_from_china-586-_jpg.rf.7e2d6f73a61d27ef45773b2e27d0a953.jpg,gt,0,WH,0.0017,0.183,no_model_support
image_from_china-586-_jpg.rf.7e2d6f73a61d27ef45773b2e27d0a953.jpg,gt,2,W,0.03992,0.877,edge
image_from_china-586-_jpg.rf.7e2d6f73a61d27ef45773b2e27d0a953.jpg,gt,2,W,0.03992,0.877,"class_disagree(gt=W,pred=WH)"
image_from_china-586-_jpg.rf.a644d961f60d5e049a103f832bf6f378.jpg,gt,0,WH,0.0017,0.0,tiny
image_from_china-586-_jpg.rf.a644d961f60d5e049a103f832bf6f378.jpg,gt,0,WH,0.0017,0.0,no_model_support
image_from_china-586-_jpg.rf.a644d961f60d5e049a103f832bf6f378.jpg,gt,1,WH,0.03269,0.875,"class_disagree(gt=WH,pred=W)"
image_from_china-586-_jpg.rf.a644d961f60d5e049a103f832bf6f378.jpg,gt,2,W,0.04056,0.0,edge
image_from_china-586-_jpg.rf.a644d961f60d5e049a103f832bf6f378.jpg,gt,2,W,0.04056,0.0,no_model_support
image_from_china-620-_jpg.rf.68d7b8f57dd0d4ce77f08b419a38b166.jpg,gt,0,W,0.01019,0.712,edge
image_from_china-620-_jpg.rf.68d7b8f57dd0d4ce77f08b419a38b166.jpg,gt,0,W,0.01019,0.712,"class_disagree(gt=W,pred=WH)"
image_from_china-620-_jpg.rf.68d7b8f57dd0d4ce77f08b419a38b166.jpg,gt,1,W,0.01347,0.761,edge
image_from_china-620-_jpg.rf.68d7b8f57dd0d4ce77f08b419a38b166.jpg,gt,1,W,0.01347,0.761,"class_disagree(gt=W,pred=WH)"
image_from_china-620-_jpg.rf.68d7b8f57dd0d4ce77f08b419a38b166.jpg,gt,3,WH,0.04439,0.886,edge
image_from_china-620-_jpg.rf.7ba811a0a240427f817677f03022a6a4.jpg,gt,0,W,0.01019,0.521,edge
image_from_china-620-_jpg.rf.7ba811a0a240427f817677f03022a6a4.jpg,gt,0,W,0.01019,0.521,"class_disagree(gt=W,pred=WH)"
image_from_china-620-_jpg.rf.7ba811a0a240427f817677f03022a6a4.jpg,gt,1,W,0.01341,0.744,edge
image_from_china-620-_jpg.rf.7ba811a0a240427f817677f03022a6a4.jpg,gt,1,W,0.01341,0.744,"class_disagree(gt=W,pred=WH)"
image_from_china-620-_jpg.rf.7ba811a0a240427f817677f03022a6a4.jpg,gt,3,WH,0.04439,0.762,edge
image_from_china-620-_jpg.rf.9c013f7db793acf3a036b62d9fcb286e.jpg,gt,0,W,0.01019,0.708,edge
image_from_china-620-_jpg.rf.9c013f7db793acf3a036b62d9fcb286e.jpg,gt,0,W,0.01019,0.708,"class_disagree(gt=W,pred=WH)"
image_from_china-620-_jpg.rf.9c013f7db793acf3a036b62d9fcb286e.jpg,gt,1,W,0.01347,0.692,edge
image_from_china-620-_jpg.rf.9c013f7db793acf3a036b62d9fcb286e.jpg,gt,3,WH,0.04439,0.678,edge
image_from_china-655-_jpg.rf.1c7266180981890438d1b6d5f2cff3af.jpg,gt,0,WH,0.23521,0.862,edge
image_from_china-655-_jpg.rf.1c7266180981890438d1b6d5f2cff3af.jpg,gt,0,WH,0.23521,0.862,"class_disagree(gt=WH,pred=W)"
image_from_china-655-_jpg.rf.1c7266180981890438d1b6d5f2cff3af.jpg,gt,1,WH,0.12991,0.903,"class_disagree(gt=WH,pred=W)"
image_from_china-655-_jpg.rf.1c7266180981890438d1b6d5f2cff3af.jpg,gt,2,W,0.05755,0.68,"class_disagree(gt=W,pred=WH)"
image_from_china-655-_jpg.rf.24781e8222141e471f4d4b2475455306.jpg,gt,0,WH,0.23521,0.846,edge
image_from_china-655-_jpg.rf.24781e8222141e471f4d4b2475455306.jpg,gt,0,WH,0.23521,0.846,"class_disagree(gt=WH,pred=W)"
image_from_china-655-_jpg.rf.24781e8222141e471f4d4b2475455306.jpg,gt,1,WH,0.12991,0.831,"class_disagree(gt=WH,pred=W)"
image_from_china-655-_jpg.rf.24781e8222141e471f4d4b2475455306.jpg,gt,2,W,0.05755,0.584,"class_disagree(gt=W,pred=WH)"
image_from_china-655-_jpg.rf.58aefb13c7ce8c517515765f5c72e9dd.jpg,gt,0,WH,0.23464,0.854,edge
image_from_china-655-_jpg.rf.58aefb13c7ce8c517515765f5c72e9dd.jpg,gt,0,WH,0.23464,0.854,"class_disagree(gt=WH,pred=W)"
image_from_china-655-_jpg.rf.58aefb13c7ce8c517515765f5c72e9dd.jpg,gt,2,W,0.05755,0.188,no_model_support
image_from_china-656-_jpg.rf.b7f53bb3d444d4425f26e64b47ae7dd0.jpg,gt,0,W,0.12803,0.532,"class_disagree(gt=W,pred=WH)"
image_from_china-656-_jpg.rf.b7f53bb3d444d4425f26e64b47ae7dd0.jpg,gt,1,W,0.04745,0.512,edge
image_from_china-656-_jpg.rf.d08cd03527d5923c0eecbc4562195875.jpg,gt,1,W,0.04745,0.557,edge
image_from_china-656-_jpg.rf.d08cd03527d5923c0eecbc4562195875.jpg,gt,1,W,0.04745,0.557,"class_disagree(gt=W,pred=WH)"
image_from_china-656-_jpg.rf.e2d2a9975d5c696e3767a984b0bc87b3.jpg,gt,0,W,0.12803,0.562,"class_disagree(gt=W,pred=WH)"
image_from_china-656-_jpg.rf.e2d2a9975d5c696e3767a984b0bc87b3.jpg,gt,1,W,0.04745,0.468,edge
image_from_china-662-_jpg.rf.69ab781498e6feef591762146fed0fe2.jpg,gt,0,W,0.00092,0.034,tiny
image_from_china-662-_jpg.rf.69ab781498e6feef591762146fed0fe2.jpg,gt,0,W,0.00092,0.034,edge
image_from_china-662-_jpg.rf.69ab781498e6feef591762146fed0fe2.jpg,gt,0,W,0.00092,0.034,no_model_support
image_from_china-662-_jpg.rf.69ab781498e6feef591762146fed0fe2.jpg,gt,1,W,0.00111,0.144,tiny
image_from_china-662-_jpg.rf.69ab781498e6feef591762146fed0fe2.jpg,gt,1,W,0.00111,0.144,edge
image_from_china-662-_jpg.rf.69ab781498e6feef591762146fed0fe2.jpg,gt,1,W,0.00111,0.144,no_model_support
image_from_china-662-_jpg.rf.69ab781498e6feef591762146fed0fe2.jpg,gt,2,WH,0.00055,0.035,tiny
image_from_china-662-_jpg.rf.69ab781498e6feef591762146fed0fe2.jpg,gt,2,WH,0.00055,0.035,no_model_support
image_from_china-662-_jpg.rf.69ab781498e6feef591762146fed0fe2.jpg,pred,-1,WH,,0.528,unlabeled_pred
image_from_china-662-_jpg.rf.c441110333a3101f76c0bb61f7e77972.jpg,gt,0,W,0.00088,0.0,tiny
image_from_china-662-_jpg.rf.c441110333a3101f76c0bb61f7e77972.jpg,gt,0,W,0.00088,0.0,edge
image_from_china-662-_jpg.rf.c441110333a3101f76c0bb61f7e77972.jpg,gt,0,W,0.00088,0.0,no_model_support
image_from_china-662-_jpg.rf.c441110333a3101f76c0bb61f7e77972.jpg,gt,1,W,0.00111,0.526,tiny
image_from_china-662-_jpg.rf.c441110333a3101f76c0bb61f7e77972.jpg,gt,1,W,0.00111,0.526,edge
image_from_china-662-_jpg.rf.c441110333a3101f76c0bb61f7e77972.jpg,gt,2,WH,0.00055,0.0,tiny
image_from_china-662-_jpg.rf.c441110333a3101f76c0bb61f7e77972.jpg,gt,2,WH,0.00055,0.0,no_model_support
image_from_china-662-_jpg.rf.c80780632bb48a181c27ad6abe69c812.jpg,gt,0,W,0.00092,0.0,tiny
image_from_china-662-_jpg.rf.c80780632bb48a181c27ad6abe69c812.jpg,gt,0,W,0.00092,0.0,edge
image_from_china-662-_jpg.rf.c80780632bb48a181c27ad6abe69c812.jpg,gt,0,W,0.00092,0.0,no_model_support
image_from_china-662-_jpg.rf.c80780632bb48a181c27ad6abe69c812.jpg,gt,1,W,0.00111,0.215,tiny
image_from_china-662-_jpg.rf.c80780632bb48a181c27ad6abe69c812.jpg,gt,1,W,0.00111,0.215,edge
image_from_china-662-_jpg.rf.c80780632bb48a181c27ad6abe69c812.jpg,gt,2,WH,0.00055,0.054,tiny
image_from_china-662-_jpg.rf.c80780632bb48a181c27ad6abe69c812.jpg,gt,2,WH,0.00055,0.054,no_model_support
image_from_china-662-_jpg.rf.c80780632bb48a181c27ad6abe69c812.jpg,gt,3,W,0.01384,0.164,no_model_support
image_from_china-664-_jpg.rf.40e2937d7361fca1f067da511f0f657a.jpg,gt,0,WH,0.00143,0.0,tiny
image_from_china-664-_jpg.rf.40e2937d7361fca1f067da511f0f657a.jpg,gt,0,WH,0.00143,0.0,no_model_support
image_from_china-664-_jpg.rf.40e2937d7361fca1f067da511f0f657a.jpg,gt,1,WH,0.00069,0.391,tiny
image_from_china-664-_jpg.rf.40e2937d7361fca1f067da511f0f657a.jpg,gt,2,WH,0.00033,0.0,tiny
image_from_china-664-_jpg.rf.40e2937d7361fca1f067da511f0f657a.jpg,gt,2,WH,0.00033,0.0,edge
image_from_china-664-_jpg.rf.40e2937d7361fca1f067da511f0f657a.jpg,gt,2,WH,0.00033,0.0,no_model_support
image_from_china-664-_jpg.rf.40e2937d7361fca1f067da511f0f657a.jpg,gt,3,WH,0.00038,0.0,tiny
image_from_china-664-_jpg.rf.40e2937d7361fca1f067da511f0f657a.jpg,gt,3,WH,0.00038,0.0,no_model_support
image_from_china-664-_jpg.rf.40e2937d7361fca1f067da511f0f657a.jpg,gt,4,WH,0.00103,0.516,tiny
image_from_china-664-_jpg.rf.40e2937d7361fca1f067da511f0f657a.jpg,gt,5,WH,0.00066,0.0,tiny
image_from_china-664-_jpg.rf.40e2937d7361fca1f067da511f0f657a.jpg,gt,5,WH,0.00066,0.0,no_model_support
image_from_china-664-_jpg.rf.40e2937d7361fca1f067da511f0f657a.jpg,gt,6,WH,0.08273,0.794,"class_disagree(gt=WH,pred=W)"
image_from_china-673-_jpg.rf.81c8f84b06457dfefa869a6d5b58f455.jpg,gt,0,WH,0.00511,0.579,aspect
image_from_china-673-_jpg.rf.81c8f84b06457dfefa869a6d5b58f455.jpg,gt,1,WH,0.00113,0.26,tiny
image_from_china-673-_jpg.rf.81c8f84b06457dfefa869a6d5b58f455.jpg,gt,2,WH,0.00121,0.0,tiny
image_from_china-673-_jpg.rf.81c8f84b06457dfefa869a6d5b58f455.jpg,gt,2,WH,0.00121,0.0,no_model_support
image_from_china-673-_jpg.rf.81c8f84b06457dfefa869a6d5b58f455.jpg,gt,3,WH,0.00103,0.0,tiny
image_from_china-673-_jpg.rf.81c8f84b06457dfefa869a6d5b58f455.jpg,gt,3,WH,0.00103,0.0,no_model_support
image_from_china-673-_jpg.rf.81c8f84b06457dfefa869a6d5b58f455.jpg,gt,4,W,0.00339,0.636,"class_disagree(gt=W,pred=WH)"
image_from_china-673-_jpg.rf.81c8f84b06457dfefa869a6d5b58f455.jpg,gt,5,WH,0.00114,0.0,tiny
image_from_china-673-_jpg.rf.81c8f84b06457dfefa869a6d5b58f455.jpg,gt,5,WH,0.00114,0.0,no_model_support
image_from_china-673-_jpg.rf.81c8f84b06457dfefa869a6d5b58f455.jpg,gt,6,WH,0.00642,0.167,no_model_support
image_from_china-673-_jpg.rf.81c8f84b06457dfefa869a6d5b58f455.jpg,gt,7,WH,0.00925,0.0,no_model_support
image_from_china-675-_jpg.rf.1725f7e7fe0eed289ea43899c05bfe1f.jpg,gt,0,WH,0.00158,0.727,tiny
image_from_china-675-_jpg.rf.1725f7e7fe0eed289ea43899c05bfe1f.jpg,gt,1,WH,0.0011,0.199,tiny
image_from_china-675-_jpg.rf.1725f7e7fe0eed289ea43899c05bfe1f.jpg,gt,1,WH,0.0011,0.199,no_model_support
image_from_china-675-_jpg.rf.1725f7e7fe0eed289ea43899c05bfe1f.jpg,gt,2,WH,0.00268,0.275,tiny
image_from_china-675-_jpg.rf.1725f7e7fe0eed289ea43899c05bfe1f.jpg,pred,-1,WH,,0.676,unlabeled_pred
image_from_china-675-_jpg.rf.69c7f6a16b9d5365be42a6e3b569dad1.jpg,gt,0,WH,0.00158,0.763,tiny
image_from_china-675-_jpg.rf.69c7f6a16b9d5365be42a6e3b569dad1.jpg,gt,1,WH,0.0011,0.123,tiny
image_from_china-675-_jpg.rf.69c7f6a16b9d5365be42a6e3b569dad1.jpg,gt,1,WH,0.0011,0.123,no_model_support
image_from_china-675-_jpg.rf.69c7f6a16b9d5365be42a6e3b569dad1.jpg,gt,2,WH,0.00268,0.297,tiny
image_from_china-675-_jpg.rf.69c7f6a16b9d5365be42a6e3b569dad1.jpg,pred,-1,WH,,0.508,unlabeled_pred
image_from_china-675-_jpg.rf.6a129d46c49a3192c5192a8276cffb40.jpg,gt,0,WH,0.00158,0.738,tiny
image_from_china-675-_jpg.rf.6a129d46c49a3192c5192a8276cffb40.jpg,gt,1,WH,0.0011,0.215,tiny
image_from_china-675-_jpg.rf.6a129d46c49a3192c5192a8276cffb40.jpg,gt,2,WH,0.00268,0.301,tiny
image_from_china-701-_jpg.rf.33b89b8d7e31396cfea9f5a44a4ebc58.jpg,gt,1,WH,0.00355,0.272,edge
image_from_china-701-_jpg.rf.33b89b8d7e31396cfea9f5a44a4ebc58.jpg,pred,-1,WH,,0.793,unlabeled_pred
image_from_china-701-_jpg.rf.33b89b8d7e31396cfea9f5a44a4ebc58.jpg,pred,-1,WH,,0.767,unlabeled_pred
image_from_china-701-_jpg.rf.4d065fa3891ca6c452553584c4fe88d3.jpg,gt,1,WH,0.00355,0.287,edge
image_from_china-701-_jpg.rf.4d065fa3891ca6c452553584c4fe88d3.jpg,pred,-1,WH,,0.675,unlabeled_pred
image_from_china-701-_jpg.rf.e8d4e3b7ff4bdf95e0025860bfeaef3a.jpg,gt,0,WH,0.00791,0.678,"class_disagree(gt=WH,pred=W)"
image_from_china-701-_jpg.rf.e8d4e3b7ff4bdf95e0025860bfeaef3a.jpg,gt,1,WH,0.00355,0.0,edge
image_from_china-701-_jpg.rf.e8d4e3b7ff4bdf95e0025860bfeaef3a.jpg,gt,1,WH,0.00355,0.0,no_model_support
image_from_china-701-_jpg.rf.e8d4e3b7ff4bdf95e0025860bfeaef3a.jpg,gt,2,WH,0.00472,0.0,no_model_support
image_from_china-701-_jpg.rf.e8d4e3b7ff4bdf95e0025860bfeaef3a.jpg,pred,-1,WH,,0.684,unlabeled_pred
image_from_china-701-_jpg.rf.e8d4e3b7ff4bdf95e0025860bfeaef3a.jpg,pred,-1,WH,,0.617,unlabeled_pred
image_from_china-710-_jpg.rf.01fbc8424e5a3b4a90bd4beab145c17b.jpg,gt,0,W,0.02625,0.121,no_model_support
image_from_china-710-_jpg.rf.01fbc8424e5a3b4a90bd4beab145c17b.jpg,gt,1,W,0.01634,0.125,no_model_support
image_from_china-710-_jpg.rf.01fbc8424e5a3b4a90bd4beab145c17b.jpg,gt,2,WH,0.02682,0.471,aspect
image_from_china-710-_jpg.rf.5ea52bfa55469a80dd6ef11229a46b77.jpg,gt,0,W,0.02625,0.161,no_model_support
image_from_china-710-_jpg.rf.5ea52bfa55469a80dd6ef11229a46b77.jpg,gt,1,W,0.01634,0.124,no_model_support
image_from_china-710-_jpg.rf.5ea52bfa55469a80dd6ef11229a46b77.jpg,gt,2,WH,0.02682,0.474,aspect
image_from_china-710-_jpg.rf.8f2ff87596ff32d4eef7508852b26b11.jpg,gt,0,W,0.02625,0.0,no_model_support
image_from_china-710-_jpg.rf.8f2ff87596ff32d4eef7508852b26b11.jpg,gt,1,W,0.01634,0.124,no_model_support
image_from_china-710-_jpg.rf.8f2ff87596ff32d4eef7508852b26b11.jpg,gt,2,WH,0.02682,0.515,aspect
image_from_china-720-_jpg.rf.0feb368be04512d8bbe96feead83e867.jpg,gt,1,W,0.2297,0.839,edge
image_from_china-720-_jpg.rf.0feb368be04512d8bbe96feead83e867.jpg,gt,1,W,0.2297,0.839,"class_disagree(gt=W,pred=WH)"
image_from_china-720-_jpg.rf.0feb368be04512d8bbe96feead83e867.jpg,gt,2,W,0.00612,0.541,edge
image_from_china-720-_jpg.rf.0feb368be04512d8bbe96feead83e867.jpg,gt,2,W,0.00612,0.541,"class_disagree(gt=W,pred=WH)"
image_from_china-720-_jpg.rf.e47c4e68c9a56990b31c00297c37e283.jpg,gt,1,W,0.2297,0.892,edge
image_from_china-720-_jpg.rf.e47c4e68c9a56990b31c00297c37e283.jpg,gt,1,W,0.2297,0.892,"class_disagree(gt=W,pred=WH)"
image_from_china-720-_jpg.rf.e47c4e68c9a56990b31c00297c37e283.jpg,gt,2,W,0.00612,0.05,edge
image_from_china-720-_jpg.rf.e47c4e68c9a56990b31c00297c37e283.jpg,gt,2,W,0.00612,0.05,no_model_support
image_from_china-720-_jpg.rf.f606571fab683818d6b74090b0458a55.jpg,gt,1,W,0.23077,0.961,edge
image_from_china-720-_jpg.rf.f606571fab683818d6b74090b0458a55.jpg,gt,1,W,0.23077,0.961,"class_disagree(gt=W,pred=WH)"
image_from_china-720-_jpg.rf.f606571fab683818d6b74090b0458a55.jpg,gt,2,W,0.00612,0.051,edge
image_from_china-720-_jpg.rf.f606571fab683818d6b74090b0458a55.jpg,gt,2,W,0.00612,0.051,no_model_support
image_from_china-744-_jpg.rf.582910a02fccbd50458440f8b5465d00.jpg,gt,0,W,0.16797,0.785,"class_disagree(gt=W,pred=WH)"
image_from_china-744-_jpg.rf.582910a02fccbd50458440f8b5465d00.jpg,gt,1,WH,0.17018,0.463,edge
image_from_china-744-_jpg.rf.582910a02fccbd50458440f8b5465d00.jpg,gt,1,WH,0.17018,0.463,aspect
image_from_china-744-_jpg.rf.582910a02fccbd50458440f8b5465d00.jpg,gt,2,WH,0.15824,0.638,aspect
image_from_china-744-_jpg.rf.8b95fc4f2b5c19ab1014b3480da41a0e.jpg,gt,1,WH,0.17018,0.617,edge
image_from_china-744-_jpg.rf.8b95fc4f2b5c19ab1014b3480da41a0e.jpg,gt,1,WH,0.17018,0.617,aspect
image_from_china-744-_jpg.rf.8b95fc4f2b5c19ab1014b3480da41a0e.jpg,gt,1,WH,0.17018,0.617,"class_disagree(gt=WH,pred=W)"
image_from_china-744-_jpg.rf.8b95fc4f2b5c19ab1014b3480da41a0e.jpg,gt,2,WH,0.15824,0.707,aspect
image_from_china-744-_jpg.rf.8b95fc4f2b5c19ab1014b3480da41a0e.jpg,gt,2,WH,0.15824,0.707,"class_disagree(gt=WH,pred=W)"
image_from_china-744-_jpg.rf.a18595cfa1680510e7bab377dbcbe9bb.jpg,gt,1,WH,0.17018,0.679,edge
image_from_china-744-_jpg.rf.a18595cfa1680510e7bab377dbcbe9bb.jpg,gt,1,WH,0.17018,0.679,aspect
image_from_china-744-_jpg.rf.a18595cfa1680510e7bab377dbcbe9bb.jpg,gt,1,WH,0.17018,0.679,"class_disagree(gt=WH,pred=W)"
image_from_china-744-_jpg.rf.a18595cfa1680510e7bab377dbcbe9bb.jpg,gt,2,WH,0.15824,0.853,aspect
image_from_china-744-_jpg.rf.a18595cfa1680510e7bab377dbcbe9bb.jpg,gt,2,WH,0.15824,0.853,"class_disagree(gt=WH,pred=W)"
image_from_china-751-_jpg.rf.80529cc7bd46fbd5abd7bf908d02dc4f.jpg,gt,0,WH,0.00943,0.0,no_model_support
image_from_china-792-_jpg.rf.14cc93ca83dcf53b882b0178d9cfde66.jpg,gt,0,WH,0.0027,0.574,tiny
image_from_china-792-_jpg.rf.14cc93ca83dcf53b882b0178d9cfde66.jpg,gt,1,W,0.00132,0.0,tiny
image_from_china-792-_jpg.rf.14cc93ca83dcf53b882b0178d9cfde66.jpg,gt,1,W,0.00132,0.0,no_model_support
image_from_china-792-_jpg.rf.14cc93ca83dcf53b882b0178d9cfde66.jpg,gt,7,WH,0.03719,0.761,"class_disagree(gt=WH,pred=W)"
image_from_china-792-_jpg.rf.14cc93ca83dcf53b882b0178d9cfde66.jpg,gt,8,WH,0.02059,0.406,aspect
image_from_china-800-_jpg.rf.5daa9d08512b24bdee1eb86be1362a00.jpg,gt,0,W,0.00052,0.0,tiny
image_from_china-800-_jpg.rf.5daa9d08512b24bdee1eb86be1362a00.jpg,gt,0,W,0.00052,0.0,no_model_support
image_from_china-800-_jpg.rf.5daa9d08512b24bdee1eb86be1362a00.jpg,gt,1,W,0.00042,0.0,tiny
image_from_china-800-_jpg.rf.5daa9d08512b24bdee1eb86be1362a00.jpg,gt,1,W,0.00042,0.0,no_model_support
image_from_china-800-_jpg.rf.5daa9d08512b24bdee1eb86be1362a00.jpg,gt,2,WH,0.00355,0.0,no_model_support
image_from_china-800-_jpg.rf.bb14502a6f6d9944afded033d7fc6d34.jpg,gt,0,W,0.00052,0.0,tiny
image_from_china-800-_jpg.rf.bb14502a6f6d9944afded033d7fc6d34.jpg,gt,0,W,0.00052,0.0,no_model_support
image_from_china-800-_jpg.rf.bb14502a6f6d9944afded033d7fc6d34.jpg,gt,1,W,0.00042,0.0,tiny
image_from_china-800-_jpg.rf.bb14502a6f6d9944afded033d7fc6d34.jpg,gt,1,W,0.00042,0.0,no_model_support
image_from_china-800-_jpg.rf.bb14502a6f6d9944afded033d7fc6d34.jpg,gt,2,WH,0.00355,0.0,no_model_support
image_from_china-800-_jpg.rf.c9d7ede2ec0fef310636d8f16d5de21e.jpg,gt,0,W,0.00052,0.0,tiny
image_from_china-800-_jpg.rf.c9d7ede2ec0fef310636d8f16d5de21e.jpg,gt,0,W,0.00052,0.0,no_model_support
image_from_china-800-_jpg.rf.c9d7ede2ec0fef310636d8f16d5de21e.jpg,gt,1,W,0.00042,0.0,tiny
image_from_china-800-_jpg.rf.c9d7ede2ec0fef310636d8f16d5de21e.jpg,gt,1,W,0.00042,0.0,no_model_support
image_from_china-849-_jpg.rf.0cb6eda1286e37e67bce9c92d4ea1099.jpg,gt,0,WH,0.00031,0.0,tiny
image_from_china-849-_jpg.rf.0cb6eda1286e37e67bce9c92d4ea1099.jpg,gt,0,WH,0.00031,0.0,no_model_support
image_from_china-849-_jpg.rf.0cb6eda1286e37e67bce9c92d4ea1099.jpg,gt,1,WH,0.00086,0.0,tiny
image_from_china-849-_jpg.rf.0cb6eda1286e37e67bce9c92d4ea1099.jpg,gt,1,WH,0.00086,0.0,aspect
image_from_china-849-_jpg.rf.0cb6eda1286e37e67bce9c92d4ea1099.jpg,gt,1,WH,0.00086,0.0,no_model_support
image_from_china-849-_jpg.rf.0cb6eda1286e37e67bce9c92d4ea1099.jpg,gt,2,WH,0.00126,0.0,tiny
image_from_china-849-_jpg.rf.0cb6eda1286e37e67bce9c92d4ea1099.jpg,gt,2,WH,0.00126,0.0,no_model_support
image_from_china-849-_jpg.rf.44ad04c2d81b20d14df37f72891c9fb3.jpg,gt,0,WH,0.00031,0.0,tiny
image_from_china-849-_jpg.rf.44ad04c2d81b20d14df37f72891c9fb3.jpg,gt,0,WH,0.00031,0.0,no_model_support
image_from_china-849-_jpg.rf.44ad04c2d81b20d14df37f72891c9fb3.jpg,gt,1,WH,0.00086,0.0,tiny
image_from_china-849-_jpg.rf.44ad04c2d81b20d14df37f72891c9fb3.jpg,gt,1,WH,0.00086,0.0,aspect
image_from_china-849-_jpg.rf.44ad04c2d81b20d14df37f72891c9fb3.jpg,gt,1,WH,0.00086,0.0,no_model_support
image_from_china-849-_jpg.rf.44ad04c2d81b20d14df37f72891c9fb3.jpg,gt,2,WH,0.00126,0.756,tiny
image_from_china-849-_jpg.rf.879c2a86843dbae8ea2351693e5a1e63.jpg,gt,0,WH,0.00031,0.0,tiny
image_from_china-849-_jpg.rf.879c2a86843dbae8ea2351693e5a1e63.jpg,gt,0,WH,0.00031,0.0,no_model_support
image_from_china-849-_jpg.rf.879c2a86843dbae8ea2351693e5a1e63.jpg,gt,1,WH,0.00086,0.0,tiny
image_from_china-849-_jpg.rf.879c2a86843dbae8ea2351693e5a1e63.jpg,gt,1,WH,0.00086,0.0,aspect
image_from_china-849-_jpg.rf.879c2a86843dbae8ea2351693e5a1e63.jpg,gt,1,WH,0.00086,0.0,no_model_support
image_from_china-849-_jpg.rf.879c2a86843dbae8ea2351693e5a1e63.jpg,gt,2,WH,0.00126,0.0,tiny
image_from_china-849-_jpg.rf.879c2a86843dbae8ea2351693e5a1e63.jpg,gt,2,WH,0.00126,0.0,no_model_support
image_from_china-872-_jpg.rf.230a16d881a8ff5e14c4a563f5b59fdd.jpg,gt,0,WH,0.45497,0.829,edge
image_from_china-872-_jpg.rf.230a16d881a8ff5e14c4a563f5b59fdd.jpg,gt,0,WH,0.45497,0.829,"class_disagree(gt=WH,pred=W)"
image_from_china-872-_jpg.rf.230a16d881a8ff5e14c4a563f5b59fdd.jpg,gt,1,WH,0.18495,0.807,edge
image_from_china-872-_jpg.rf.230a16d881a8ff5e14c4a563f5b59fdd.jpg,gt,1,WH,0.18495,0.807,"class_disagree(gt=WH,pred=W)"
image_from_china-872-_jpg.rf.727d1a583ef7d05a7d2e0ed950d2f6ed.jpg,gt,0,WH,0.45497,0.778,edge
image_from_china-872-_jpg.rf.727d1a583ef7d05a7d2e0ed950d2f6ed.jpg,gt,0,WH,0.45497,0.778,"class_disagree(gt=WH,pred=W)"
image_from_china-872-_jpg.rf.727d1a583ef7d05a7d2e0ed950d2f6ed.jpg,gt,1,WH,0.18495,0.803,edge
image_from_china-872-_jpg.rf.727d1a583ef7d05a7d2e0ed950d2f6ed.jpg,gt,1,WH,0.18495,0.803,"class_disagree(gt=WH,pred=W)"
image_from_china-872-_jpg.rf.ae018c3ece7d2f4baa8a24df02217f9f.jpg,gt,0,WH,0.45497,0.608,edge
image_from_china-872-_jpg.rf.ae018c3ece7d2f4baa8a24df02217f9f.jpg,gt,0,WH,0.45497,0.608,"class_disagree(gt=WH,pred=W)"
image_from_china-872-_jpg.rf.ae018c3ece7d2f4baa8a24df02217f9f.jpg,gt,1,WH,0.18495,0.774,edge
image_from_china-872-_jpg.rf.ae018c3ece7d2f4baa8a24df02217f9f.jpg,gt,1,WH,0.18495,0.774,"class_disagree(gt=WH,pred=W)"
image_from_china-912-_jpg.rf.2f7196437da5c4068f9cfea63e5484bd.jpg,gt,0,WH,0.39934,0.884,edge
image_from_china-912-_jpg.rf.2f7196437da5c4068f9cfea63e5484bd.jpg,gt,0,WH,0.39934,0.884,"class_disagree(gt=WH,pred=W)"
image_from_china-912-_jpg.rf.2f7196437da5c4068f9cfea63e5484bd.jpg,gt,1,WH,0.21532,0.865,edge
image_from_china-912-_jpg.rf.e214851ca26fc48aedbfdecbf98e9e24.jpg,gt,0,WH,0.39934,0.869,edge
image_from_china-912-_jpg.rf.e214851ca26fc48aedbfdecbf98e9e24.jpg,gt,1,WH,0.21532,0.814,edge
image_from_china-912-_jpg.rf.ecf1b195d6057730d31df1be97e567c6.jpg,gt,0,WH,0.39934,0.874,edge
image_from_china-912-_jpg.rf.ecf1b195d6057730d31df1be97e567c6.jpg,gt,0,WH,0.39934,0.874,"class_disagree(gt=WH,pred=W)"
image_from_china-912-_jpg.rf.ecf1b195d6057730d31df1be97e567c6.jpg,gt,1,WH,0.21532,0.859,edge
image_from_china-912-_jpg.rf.ecf1b195d6057730d31df1be97e567c6.jpg,gt,1,WH,0.21532,0.859,"class_disagree(gt=WH,pred=W)"
